{
  "property_id": "371754141",
  "timestamp": "2026-04-08T03:16:15.624973Z",
  "periods": {
    "1d": {
      "active_users": 669309,
      "sessions": 5296151,
      "events": 3734419544,
      "avg_session_duration": 4125.441996856318
    },
    "7d": {
      "active_users": 3456496,
      "sessions": 35718457,
      "events": 20994112995,
      "avg_session_duration": 3482.529500196202
    },
    "30d": {
      "active_users": 13303076,
      "sessions": 173771887,
      "events": 85219184975,
      "avg_session_duration": 3069.2743799646337
    },
    "90d": {
      "active_users": 33999521,
      "sessions": 507280922,
      "events": 234357322358,
      "avg_session_duration": 2991.563077616793
    },
    "365d": {
      "active_users": 100752465,
      "sessions": 3317716018,
      "events": 784995024401,
      "avg_session_duration": 1547.144895165296
    }
  }
}
