{
  "property_id": "371754141",
  "timestamp": "2026-02-04T03:07:45.188683Z",
  "periods": {
    "1d": {
      "active_users": 571025,
      "sessions": 4981479,
      "events": 2391690412,
      "avg_session_duration": 3322.895771428183
    },
    "7d": {
      "active_users": 2927114,
      "sessions": 42658105,
      "events": 17906805426,
      "avg_session_duration": 2720.927557048527
    },
    "30d": {
      "active_users": 11419046,
      "sessions": 192986454,
      "events": 80428653551,
      "avg_session_duration": 2714.2886209202716
    },
    "90d": {
      "active_users": 28899682,
      "sessions": 574407431,
      "events": 219494638700,
      "avg_session_duration": 2356.757978576235
    },
    "365d": {
      "active_users": 87203912,
      "sessions": 3259020085,
      "events": 703049042858,
      "avg_session_duration": 1445.6754771375859
    }
  }
}
