{
  "property_id": "371754141",
  "timestamp": "2026-05-15T03:22:26.746386Z",
  "periods": {
    "1d": {
      "active_users": 841748,
      "sessions": 6958296,
      "events": 3922577062,
      "avg_session_duration": 2722.5752196204166
    },
    "7d": {
      "active_users": 4213334,
      "sessions": 39546312,
      "events": 22831461106,
      "avg_session_duration": 3202.9553931910655
    },
    "30d": {
      "active_users": 15664026,
      "sessions": 159803764,
      "events": 94256557791,
      "avg_session_duration": 3340.007236659162
    },
    "90d": {
      "active_users": 39251739,
      "sessions": 472628710,
      "events": 256352175806,
      "avg_session_duration": 3236.942233192629
    },
    "365d": {
      "active_users": 112784867,
      "sessions": 3174667406,
      "events": 849527161585,
      "avg_session_duration": 1685.021170426448
    }
  }
}
