{
  "property_id": "371754141",
  "timestamp": "2026-07-22T03:12:56.239870Z",
  "periods": {
    "1d": {
      "active_users": 1093571,
      "sessions": 6566347,
      "events": 3453378621,
      "avg_session_duration": 3086.45945662816
    },
    "7d": {
      "active_users": 4680197,
      "sessions": 39361330,
      "events": 22603652153,
      "avg_session_duration": 3171.641245673427
    },
    "30d": {
      "active_users": 17285251,
      "sessions": 179165349,
      "events": 100111381658,
      "avg_session_duration": 3045.587538564129
    },
    "90d": {
      "active_users": 48133292,
      "sessions": 500938665,
      "events": 298564074143,
      "avg_session_duration": 3258.990621423704
    },
    "365d": {
      "active_users": 133218722,
      "sessions": 2929851777,
      "events": 963139806350,
      "avg_session_duration": 1946.6158068965613
    }
  }
}
