{
  "property_id": "371754141",
  "timestamp": "2026-05-29T03:22:52.593100Z",
  "periods": {
    "1d": {
      "active_users": 807398,
      "sessions": 6102456,
      "events": 3317353511,
      "avg_session_duration": 3049.1011760056117
    },
    "7d": {
      "active_users": 4031422,
      "sessions": 37918583,
      "events": 22972898674,
      "avg_session_duration": 3289.483363445989
    },
    "30d": {
      "active_users": 16075780,
      "sessions": 160304274,
      "events": 95777654797,
      "avg_session_duration": 3307.146453755303
    },
    "90d": {
      "active_users": 42147452,
      "sessions": 479404334,
      "events": 270105682466,
      "avg_session_duration": 3277.326517101501
    },
    "365d": {
      "active_users": 116400301,
      "sessions": 3168485120,
      "events": 872767368000,
      "avg_session_duration": 1720.2158612917428
    }
  }
}
