{
  "property_id": "371754141",
  "timestamp": "2026-07-14T03:11:32.263946Z",
  "periods": {
    "1d": {
      "active_users": 684025,
      "sessions": 5115916,
      "events": 3182571931,
      "avg_session_duration": 3479.17240956715
    },
    "7d": {
      "active_users": 4494483,
      "sessions": 39767395,
      "events": 23242600334,
      "avg_session_duration": 3316.4774482592743
    },
    "30d": {
      "active_users": 16219445,
      "sessions": 175636509,
      "events": 101015730587,
      "avg_session_duration": 3111.842104676639
    },
    "90d": {
      "active_users": 47453513,
      "sessions": 494481659,
      "events": 298092566034,
      "avg_session_duration": 3305.238016063216
    },
    "365d": {
      "active_users": 130064397,
      "sessions": 2939845325,
      "events": 952042989083,
      "avg_session_duration": 1928.0155499107273
    }
  }
}
