{"property_id":"371754141","timestamp":"2026-01-23T02:50:11.449918Z","periods":{"1d":{"active_users":594580,"sessions":6463470,"events":2588893524,"avg_session_duration":2378.7094756834686},"7d":{"active_users":2817248,"sessions":51375976,"events":18527777054,"avg_session_duration":2334.166957809215},"30d":{"active_users":10086096,"sessions":182948098,"events":81348662197,"avg_session_duration":2878.368966332373},"90d":{"active_users":27697119,"sessions":587619330,"events":217456681389,"avg_session_duration":2279.8834022897813},"365d":{"active_users":84380166,"sessions":3257931376,"events":685284015265,"avg_session_duration":1417.7800570775637}}}
