{
  "property_id": "371754141",
  "timestamp": "2026-02-18T03:12:40.088119Z",
  "periods": {
    "1d": {
      "active_users": 481260,
      "sessions": 4920284,
      "events": 2263216017,
      "avg_session_duration": 3106.1965060979105
    },
    "7d": {
      "active_users": 2741844,
      "sessions": 35688931,
      "events": 16519253804,
      "avg_session_duration": 2997.095892249172
    },
    "30d": {
      "active_users": 11267210,
      "sessions": 165681503,
      "events": 74083751441,
      "avg_session_duration": 2901.117087927707
    },
    "90d": {
      "active_users": 29603353,
      "sessions": 520519645,
      "events": 221729973984,
      "avg_session_duration": 2678.448696734837
    },
    "365d": {
      "active_users": 90459338,
      "sessions": 3276082793,
      "events": 719444962629,
      "avg_session_duration": 1467.081143986902
    }
  }
}
