{
  "property_id": "371754141",
  "timestamp": "2026-01-05T02:57:59.550444Z",
  "periods": {
    "1d": {
      "active_users": 404063,
      "sessions": 5760509,
      "events": 3698043159,
      "avg_session_duration": 3089.608937815534
    },
    "7d": {
      "active_users": 2108798,
      "sessions": 36178442,
      "events": 20637630205,
      "avg_session_duration": 3505.62452422318
    },
    "30d": {
      "active_users": 8597145,
      "sessions": 160097363,
      "events": 71792223090,
      "avg_session_duration": 2760.675690344377
    },
    "90d": {
      "active_users": 25571843,
      "sessions": 974131469,
      "events": 212128073054,
      "avg_session_duration": 1297.3513163232496
    },
    "365d": {
      "active_users": 79791231,
      "sessions": 3209735089,
      "events": 652475019413,
      "avg_session_duration": 1376.9275785701525
    }
  }
}
