{"property_id":"371754141","timestamp":"2025-10-30T02:40:41.876846Z","periods":{"1d":{"active_users":502782,"sessions":14422261,"events":2770860125,"avg_session_duration":1231.4739988602412},"7d":{"active_users":2218302,"sessions":77630028,"events":17740288691,"avg_session_duration":1462.8978724561757},"30d":{"active_users":8009894,"sessions":605966745,"events":72096453862,"avg_session_duration":702.290356921563},"90d":{"active_users":21598341,"sessions":1300091744,"events":198888759672,"avg_session_duration":925.3464645273401},"365d":{"active_users":68269430,"sessions":2889348367,"events":549601027485,"avg_session_duration":1362.78681760161}}}
