{"property_id":"371754141","timestamp":"2026-06-08T03:24:29.970758Z","periods":{"1d":{"active_users":560491,"sessions":6131780,"events":3926525241,"avg_session_duration":2990.3426143138536},"7d":{"active_users":3883605,"sessions":40393550,"events":25305046672,"avg_session_duration":3271.905577026112},"30d":{"active_users":16077311,"sessions":167709677,"events":102045971080,"avg_session_duration":3245.706468762341},"90d":{"active_users":44012038,"sessions":492341914,"events":281381306859,"avg_session_duration":3241.0274196441856},"365d":{"active_users":119170684,"sessions":3129111970,"events":891270528875,"avg_session_duration":1767.921423203651}}}
