{"property_id":"371754141","timestamp":"2026-05-06T03:20:17.052257Z","periods":{"1d":{"active_users":724839,"sessions":5382549,"events":2880306450,"avg_session_duration":3163.8716428982198},"7d":{"active_users":4018491,"sessions":34852732,"events":20574032332,"avg_session_duration":3363.790354722486},"30d":{"active_users":14837632,"sessions":156926718,"events":93659691953,"avg_session_duration":3310.8949042812774},"90d":{"active_users":37621136,"sessions":462580745,"events":249097014187,"avg_session_duration":3271.2380192308465},"365d":{"active_users":109657223,"sessions":3166347379,"events":833764160678,"avg_session_duration":1671.6055992002039}}}
