{
  "property_id": "371754141",
  "timestamp": "2026-07-03T03:16:07.719063Z",
  "periods": {
    "1d": {
      "active_users": 767843,
      "sessions": 6204435,
      "events": 3527040473,
      "avg_session_duration": 3114.2137128829395
    },
    "7d": {
      "active_users": 4105303,
      "sessions": 42855986,
      "events": 24283739848,
      "avg_session_duration": 2997.5756363232695
    },
    "30d": {
      "active_users": 15577907,
      "sessions": 176739545,
      "events": 102416638487,
      "avg_session_duration": 3126.8359171466404
    },
    "90d": {
      "active_users": 45841632,
      "sessions": 494647358,
      "events": 295895027115,
      "avg_session_duration": 3257.1687557645614
    },
    "365d": {
      "active_users": 126138447,
      "sessions": 3022048794,
      "events": 935149600799,
      "avg_session_duration": 1867.7033707284015
    }
  }
}
