{"property_id":"371754141","timestamp":"2026-02-21T03:03:50.832528Z","periods":{"1d":{"active_users":450171,"sessions":5318397,"events":2352079054,"avg_session_duration":2892.9306428501136},"7d":{"active_users":2397843,"sessions":34557929,"events":16025614554,"avg_session_duration":3075.291056416689},"30d":{"active_users":10981009,"sessions":160996130,"events":73049821733,"avg_session_duration":2945.174008758794},"90d":{"active_users":29214759,"sessions":514231956,"events":222053194237,"avg_session_duration":2727.6936422326535},"365d":{"active_users":90729149,"sessions":3287490978,"events":722913771311,"avg_session_duration":1468.9226145295452}}}
