{
  "property_id": "371754141",
  "timestamp": "2026-05-11T03:22:55.470101Z",
  "periods": {
    "1d": {
      "active_users": 739449,
      "sessions": 5862258,
      "events": 3083835620,
      "avg_session_duration": 2837.612845778882
    },
    "7d": {
      "active_users": 3934191,
      "sessions": 36872162,
      "events": 21020462005,
      "avg_session_duration": 3299.161724074895
    },
    "30d": {
      "active_users": 15098423,
      "sessions": 157095056,
      "events": 93415876951,
      "avg_session_duration": 3350.367550431328
    },
    "90d": {
      "active_users": 38321464,
      "sessions": 467715319,
      "events": 252748149941,
      "avg_session_duration": 3258.897485893395
    },
    "365d": {
      "active_users": 111508217,
      "sessions": 3174537070,
      "events": 841939874532,
      "avg_session_duration": 1675.6999106043115
    }
  }
}
