{
  "property_id": "371754141",
  "timestamp": "2026-07-11T03:12:14.784093Z",
  "periods": {
    "1d": {
      "active_users": 917947,
      "sessions": 6074511,
      "events": 3281341567,
      "avg_session_duration": 3235.144020353553
    },
    "7d": {
      "active_users": 4478010,
      "sessions": 40733999,
      "events": 24071383148,
      "avg_session_duration": 3306.126660816413
    },
    "30d": {
      "active_users": 16152417,
      "sessions": 177843510,
      "events": 102010484275,
      "avg_session_duration": 3107.193384684757
    },
    "90d": {
      "active_users": 47111893,
      "sessions": 495387255,
      "events": 298012392007,
      "avg_session_duration": 3303.3596432693475
    },
    "365d": {
      "active_users": 128976111,
      "sessions": 2953827415,
      "events": 948456261172,
      "avg_session_duration": 1915.5683673102862
    }
  }
}
