{"property_id":"371754141","timestamp":"2026-06-04T03:24:55.861595Z","periods":{"1d":{"active_users":806101,"sessions":5810687,"events":3851246942,"avg_session_duration":3448.022296266139},"7d":{"active_users":4134348,"sessions":38490409,"events":25304036235,"avg_session_duration":3388.3434813234667},"30d":{"active_users":16078941,"sessions":165245152,"events":100070611639,"avg_session_duration":3278.4855458494926},"90d":{"active_users":43418611,"sessions":486307718,"events":277295872856,"avg_session_duration":3267.5894757725964},"365d":{"active_users":118094767,"sessions":3120142635,"events":883575214588,"avg_session_duration":1761.472531919706}}}
