{"property_id":"371754141","timestamp":"2026-03-02T03:09:50.147372Z","periods":{"1d":{"active_users":443104,"sessions":4177876,"events":2329696194,"avg_session_duration":3471.387124770738},"7d":{"active_users":2472395,"sessions":29450389,"events":16719301716,"avg_session_duration":3503.318268065068},"30d":{"active_users":10337380,"sessions":142524813,"events":71125662826,"avg_session_duration":3261.626267876513},"90d":{"active_users":29047553,"sessions":497748627,"events":222965660349,"avg_session_duration":2856.1965452073687},"365d":{"active_users":91931124,"sessions":3301031092,"events":732866518847,"avg_session_duration":1478.465576546905}}}
