{"property_id":"371754141","timestamp":"2026-01-02T02:49:21.064049Z","periods":{"1d":{"active_users":435022,"sessions":5356343,"events":3124507783,"avg_session_duration":3901.136976238161},"7d":{"active_users":2009205,"sessions":34396855,"events":17116302615,"avg_session_duration":3322.9486241124487},"30d":{"active_users":8751118,"sessions":162610759,"events":68889603358,"avg_session_duration":2646.794950835464},"90d":{"active_users":25444815,"sessions":977146001,"events":207986879083,"avg_session_duration":1273.4196641028693},"365d":{"active_users":79396677,"sessions":3196394062,"events":645128024209,"avg_session_duration":1371.639269307758}}}
