{
  "property_id": "371754141",
  "timestamp": "2026-03-12T03:09:39.481798Z",
  "periods": {
    "1d": {
      "active_users": 639165,
      "sessions": 5487859,
      "events": 2696993768,
      "avg_session_duration": 3106.6015161912837
    },
    "7d": {
      "active_users": 2911477,
      "sessions": 32753544,
      "events": 19614984108,
      "avg_session_duration": 3785.001728321264
    },
    "30d": {
      "active_users": 10350031,
      "sessions": 142382494,
      "events": 74184167556,
      "avg_session_duration": 3356.2364976962313
    },
    "90d": {
      "active_users": 29670823,
      "sessions": 486833130,
      "events": 226945945268,
      "avg_session_duration": 2992.0339666060177
    },
    "365d": {
      "active_users": 94039764,
      "sessions": 3307795892,
      "events": 747556945162,
      "avg_session_duration": 1498.5455658929413
    }
  }
}
