{"property_id":"371754141","timestamp":"2026-02-22T03:11:49.246590Z","periods":{"1d":{"active_users":434152,"sessions":4820167,"events":2309168680,"avg_session_duration":3257.1991090459755},"7d":{"active_users":2273886,"sessions":34536311,"events":15947005817,"avg_session_duration":3097.149094304669},"30d":{"active_users":10911121,"sessions":158454555,"events":72770096889,"avg_session_duration":2994.4683124433304},"90d":{"active_users":29237462,"sessions":512414486,"events":222258894930,"avg_session_duration":2745.166239194181},"365d":{"active_users":90837134,"sessions":3291222436,"events":723936867952,"avg_session_duration":1469.2370142960895}}}
