{"property_id":"371754141","timestamp":"2025-12-04T02:42:27.976194Z","periods":{"1d":{"active_users":482001,"sessions":6292834,"events":2369090022,"avg_session_duration":2242.82980135658},"7d":{"active_users":2298299,"sessions":41180159,"events":16296487460,"avg_session_duration":2149.3755019053383},"30d":{"active_users":9541525,"sessions":208606782,"events":67143787607,"avg_session_duration":1871.6029709510706},"90d":{"active_users":24420929,"sessions":1167026707,"events":208256489551,"avg_session_duration":1059.7706395526516},"365d":{"active_users":74431832,"sessions":3068385495,"events":603177194192,"avg_session_duration":1360.8453971161557}}}
