{"property_id":"371754141","timestamp":"2026-02-27T18:42:44.830496Z","periods":{"1d":{"active_users":0,"sessions":0,"events":0,"avg_session_duration":0.0},"7d":{"active_users":1989814,"sessions":26440517,"events":14027581293,"avg_session_duration":3285.887236687931},"30d":{"active_users":10207760,"sessions":142482167,"events":69226527490,"avg_session_duration":3168.309586257525},"90d":{"active_users":28752907,"sessions":498709271,"events":220232860734,"avg_session_duration":2802.3088829454905},"365d":{"active_users":91362835,"sessions":3292250072,"events":728139650213,"avg_session_duration":1474.0509694569928}}}
