{
  "property_id": "371754141",
  "timestamp": "2025-12-29T02:54:53.691014Z",
  "periods": {
    "1d": {
      "active_users": 324496,
      "sessions": 4649841,
      "events": 2097479921,
      "avg_session_duration": 2913.4812415859715
    },
    "7d": {
      "active_users": 1963114,
      "sessions": 35197336,
      "events": 14875927340,
      "avg_session_duration": 2702.2176421806225
    },
    "30d": {
      "active_users": 8751058,
      "sessions": 161475972,
      "events": 67356313854,
      "avg_session_duration": 2506.3381730157917
    },
    "90d": {
      "active_users": 25372795,
      "sessions": 988863879,
      "events": 206279972614,
      "avg_session_duration": 1237.4753339770025
    },
    "365d": {
      "active_users": 78765161,
      "sessions": 3177442313,
      "events": 637579881639,
      "avg_session_duration": 1364.5728277343676
    }
  }
}
