{"property_id":"371754141","timestamp":"2026-04-11T03:13:09.078746Z","periods":{"1d":{"active_users":0,"sessions":0,"events":0,"avg_session_duration":0.0},"7d":{"active_users":2824556,"sessions":30927094,"events":19501456440,"avg_session_duration":3167.6098723182467},"30d":{"active_users":13127051,"sessions":168309977,"events":82482961764,"avg_session_duration":2983.279500739256},"90d":{"active_users":33744748,"sessions":495831946,"events":233171594572,"avg_session_duration":3008.1106943283603},"365d":{"active_users":101019027,"sessions":3306097466,"events":787335141710,"avg_session_duration":1547.1920455227275}}}
