{
  "property_id": "371754141",
  "timestamp": "2026-07-18T03:10:50.280248Z",
  "periods": {
    "1d": {
      "active_users": 821696,
      "sessions": 6264430,
      "events": 3466970647,
      "avg_session_duration": 3112.8012145305524
    },
    "7d": {
      "active_users": 4514024,
      "sessions": 40479367,
      "events": 23215698675,
      "avg_session_duration": 3217.329702751898
    },
    "30d": {
      "active_users": 16732441,
      "sessions": 180503073,
      "events": 101082697398,
      "avg_session_duration": 3027.5869408342
    },
    "90d": {
      "active_users": 47911613,
      "sessions": 497060937,
      "events": 298495064153,
      "avg_session_duration": 3295.18751669858
    },
    "365d": {
      "active_users": 132053015,
      "sessions": 2944413816,
      "events": 958042294143,
      "avg_session_duration": 1932.4496234451378
    }
  }
}
