{"property_id":"371754141","timestamp":"2026-05-02T03:17:30.759581Z","periods":{"1d":{"active_users":826065,"sessions":5293253,"events":2996690502,"avg_session_duration":3167.025522289356},"7d":{"active_users":3835754,"sessions":36543009,"events":22391281270,"avg_session_duration":3409.3110612167657},"30d":{"active_users":14538321,"sessions":157190666,"events":94407555823,"avg_session_duration":3340.2647339320038},"90d":{"active_users":37094213,"sessions":463762910,"events":247433634091,"avg_session_duration":3261.9075251614913},"365d":{"active_users":108010532,"sessions":3175586273,"events":827754792847,"avg_session_duration":1658.0242282432093}}}
