{"property_id":"371754141","timestamp":"2026-01-27T02:54:44.185512Z","periods":{"1d":{"active_users":466930,"sessions":5376845,"events":2403051663,"avg_session_duration":2836.787598460091},"7d":{"active_users":2837408,"sessions":44182948,"events":17876418619,"avg_session_duration":2535.1413869570247},"30d":{"active_users":10410694,"sessions":186067181,"events":82687596637,"avg_session_duration":2863.9713748940435},"90d":{"active_users":28021507,"sessions":565819969,"events":217544495593,"avg_session_duration":2359.8222500738902},"365d":{"active_users":85300130,"sessions":3231616822,"events":690861685809,"avg_session_duration":1436.547911565221}}}
