{
  "property_id": "371754141",
  "timestamp": "2025-11-22T02:38:28.733104Z",
  "periods": {
    "1d": { "active_users": 0, "sessions": 0, "events": 0, "avg_session_duration": 0.0 },
    "7d": {
      "active_users": 2075670,
      "sessions": 35223060,
      "events": 13421689718,
      "avg_session_duration": 2114.90593635015
    },
    "30d": {
      "active_users": 8867583,
      "sessions": 238751729,
      "events": 66609350075,
      "avg_session_duration": 1684.1796963392162
    },
    "90d": {
      "active_users": 22970829,
      "sessions": 1211264023,
      "events": 200983376510,
      "avg_session_duration": 994.1576741045212
    },
    "365d": {
      "active_users": 71993017,
      "sessions": 3021470652,
      "events": 582726469085,
      "avg_session_duration": 1352.4156162770155
    }
  }
}
