{"property_id":"371754141","timestamp":"2026-06-03T03:24:56.073575Z","periods":{"1d":{"active_users":764396,"sessions":6155071,"events":3880351449,"avg_session_duration":3400.0333884563893},"7d":{"active_users":4180547,"sessions":38912954,"events":24731993860,"avg_session_duration":3298.171667072191},"30d":{"active_users":15881457,"sessions":164199541,"events":98916373572,"avg_session_duration":3276.168534098338},"90d":{"active_users":43238607,"sessions":486829244,"events":276074878060,"avg_session_duration":3259.124915756007},"365d":{"active_users":117782596,"sessions":3127703113,"events":881686509073,"avg_session_duration":1754.5766399852603}}}
