{"property_id":"371754141","timestamp":"2025-11-07T02:40:22.862563Z","periods":{"1d":{"active_users":489526,"sessions":5949480,"events":2683411260,"avg_session_duration":2621.3812074842117},"7d":{"active_users":2244461,"sessions":40076109,"events":16376570783,"avg_session_duration":2443.9112509278016},"30d":{"active_users":8414283,"sessions":544786423,"events":73700272576,"avg_session_duration":804.0681108445555},"90d":{"active_users":21880391,"sessions":1283359580,"events":201111553688,"avg_session_duration":943.2168779291788},"365d":{"active_users":69524565,"sessions":2926508150,"events":562768543669,"avg_session_duration":1366.8810524692572}}}
