{"property_id":"371754141","timestamp":"2026-01-31T03:02:24.249621Z","periods":{"1d":{"active_users":588951,"sessions":5879822,"events":2642968632,"avg_session_duration":2734.690251436565},"7d":{"active_users":2967385,"sessions":42349716,"events":18104602045,"avg_session_duration":2647.0962072068255},"30d":{"active_users":11090083,"sessions":190555121,"events":83659639435,"avg_session_duration":2800.208883524623},"90d":{"active_users":28581169,"sessions":566161267,"events":218019164301,"avg_session_duration":2373.027989008231},"365d":{"active_users":86532637,"sessions":3243053671,"events":697386158660,"avg_session_duration":1442.0833776583381}}}
