{"property_id":"371754141","timestamp":"2025-12-19T02:44:46.377630Z","periods":{"1d":{"active_users":523169,"sessions":5727644,"events":2505587974,"avg_session_duration":2651.47816029308},"7d":{"active_users":2451440,"sessions":39780663,"events":15807267045,"avg_session_duration":2470.574867904813},"30d":{"active_users":9549501,"sessions":170694340,"events":67934224769,"avg_session_duration":2318.686419852449},"90d":{"active_users":25335796,"sessions":1063110637,"events":209004703511,"avg_session_duration":1164.6828766855706},"365d":{"active_users":77134372,"sessions":3139361990,"events":624871890424,"avg_session_duration":1360.840622017815}}}
