{
  "property_id": "371754141",
  "timestamp": "2026-07-05T03:17:18.161205Z",
  "periods": {
    "1d": {
      "active_users": 766492,
      "sessions": 6160274,
      "events": 3622863664,
      "avg_session_duration": 3007.6226060014856
    },
    "7d": {
      "active_users": 3959785,
      "sessions": 41930818,
      "events": 24596374713,
      "avg_session_duration": 3068.6697983404124
    },
    "30d": {
      "active_users": 15457183,
      "sessions": 177707453,
      "events": 102099630677,
      "avg_session_duration": 3095.593857539324
    },
    "90d": {
      "active_users": 46134171,
      "sessions": 493675417,
      "events": 296538091145,
      "avg_session_duration": 3268.747419911969
    },
    "365d": {
      "active_users": 126481713,
      "sessions": 3006694017,
      "events": 938732152578,
      "avg_session_duration": 1878.1399297229216
    }
  }
}
