{
  "property_id": "371754141",
  "timestamp": "2026-05-27T03:23:16.691862Z",
  "periods": {
    "1d": {
      "active_users": 821736,
      "sessions": 6245259,
      "events": 3357638379,
      "avg_session_duration": 3004.407026103951
    },
    "7d": {
      "active_users": 3998676,
      "sessions": 38915971,
      "events": 23299897097,
      "avg_session_duration": 3232.2982340238664
    },
    "30d": {
      "active_users": 15821191,
      "sessions": 158460775,
      "events": 95805784381,
      "avg_session_duration": 3353.710011367939
    },
    "90d": {
      "active_users": 41530683,
      "sessions": 481647112,
      "events": 268455992608,
      "avg_session_duration": 3252.6732923637733
    },
    "365d": {
      "active_users": 116012856,
      "sessions": 3180225968,
      "events": 869918989759,
      "avg_session_duration": 1709.959244043311
    }
  }
}
