{"property_id":"371754141","timestamp":"2026-06-02T03:25:29.852241Z","periods":{"1d":{"active_users":618025,"sessions":5666808,"events":3516333155,"avg_session_duration":3051.780406352871},"7d":{"active_users":4239847,"sessions":39584635,"events":24209280790,"avg_session_duration":3187.5361608362127},"30d":{"active_users":15820837,"sessions":162588594,"events":97783982200,"avg_session_duration":3276.0261632454617},"90d":{"active_users":43102704,"sessions":489757849,"events":274752644986,"avg_session_duration":3232.086668477113},"365d":{"active_users":117625434,"sessions":3124134671,"events":879696044797,"avg_session_duration":1753.4764094920006}}}
