{
  "property_id": "371754141",
  "timestamp": "2026-01-11T02:56:27.112023Z",
  "periods": {
    "1d": {
      "active_users": 675848,
      "sessions": 7598176,
      "events": 2775934978,
      "avg_session_duration": 2846.645099675973
    },
    "7d": {
      "active_users": 2992778,
      "sessions": 44031052,
      "events": 21857298270,
      "avg_session_duration": 2807.3160036904833
    },
    "30d": {
      "active_users": 9361376,
      "sessions": 163686044,
      "events": 76257312460,
      "avg_session_duration": 2854.364210982318
    },
    "90d": {
      "active_users": 26470250,
      "sessions": 801352874,
      "events": 215406716661,
      "avg_session_duration": 1603.3847797769731
    },
    "365d": {
      "active_users": 81857708,
      "sessions": 3240170712,
      "events": 665397856014,
      "avg_session_duration": 1385.247137930582
    }
  }
}
