{
  "property_id": "371754141",
  "timestamp": "2025-12-12T21:04:59.732041Z",
  "periods": {
    "1d": { "active_users": 0, "sessions": 0, "events": 0, "avg_session_duration": 0.0 },
    "7d": {
      "active_users": 1958472,
      "sessions": 32156455,
      "events": 13694165741,
      "avg_session_duration": 2505.520870930063
    },
    "30d": {
      "active_users": 9188715,
      "sessions": 191212835,
      "events": 65826647645,
      "avg_session_duration": 1969.875890902554
    },
    "90d": {
      "active_users": 24653992,
      "sessions": 1105241330,
      "events": 209207032255,
      "avg_session_duration": 1125.553519511001
    },
    "365d": {
      "active_users": 75613816,
      "sessions": 3096385684,
      "events": 614359823335,
      "avg_session_duration": 1363.3917758028117
    }
  }
}
