{"property_id":"371754141","timestamp":"2026-01-07T02:48:58.729860Z","periods":{"1d":{"active_users":587336,"sessions":7353501,"events":3872888806,"avg_session_duration":2571.0580552731876},"7d":{"active_users":2268848,"sessions":38804189,"events":22905099385,"avg_session_duration":3348.9609244254607},"30d":{"active_users":8743690,"sessions":160704814,"events":74654389952,"avg_session_duration":2819.2380147063727},"90d":{"active_users":25730744,"sessions":900086328,"events":214931356753,"avg_session_duration":1417.2186588075056},"365d":{"active_users":80344206,"sessions":3220046427,"events":658110435583,"avg_session_duration":1380.1887890451387}}}
