{
  "property_id": "371754141",
  "timestamp": "2026-07-12T03:13:25.351643Z",
  "periods": {
    "1d": {
      "active_users": 861719,
      "sessions": 5626120,
      "events": 3035546717,
      "avg_session_duration": 3232.1967769873518
    },
    "7d": {
      "active_users": 4637566,
      "sessions": 39846126,
      "events": 23484066201,
      "avg_session_duration": 3371.18613952458
    },
    "30d": {
      "active_users": 16293607,
      "sessions": 177599785,
      "events": 101636738507,
      "avg_session_duration": 3102.0112219358716
    },
    "90d": {
      "active_users": 47278992,
      "sessions": 493769691,
      "events": 297752663430,
      "avg_session_duration": 3315.9482416447136
    },
    "365d": {
      "active_users": 129593917,
      "sessions": 2946612655,
      "events": 949526299119,
      "avg_session_duration": 1921.4458056891237
    }
  }
}
