{"property_id":"371754141","timestamp":"2026-04-13T03:18:10.518529Z","periods":{"1d":{"active_users":599786,"sessions":5195901,"events":3295275294,"avg_session_duration":3331.906100409109},"7d":{"active_users":3609164,"sessions":36729549,"events":22269493916,"avg_session_duration":3014.3091228471526},"30d":{"active_users":13715726,"sessions":174643834,"events":86489223544,"avg_session_duration":2940.048084475128},"90d":{"active_users":34678764,"sessions":498574731,"events":237210867785,"avg_session_duration":2997.6719473995527},"365d":{"active_users":102131633,"sessions":3290887675,"events":793781800492,"avg_session_duration":1561.2220206196303}}}
