{"property_id":"371754141","timestamp":"2026-02-27T03:13:31.284955Z","periods":{"1d":{"active_users":532545,"sessions":4554666,"events":2463867388,"avg_session_duration":3479.226855715737},"7d":{"active_users":2286863,"sessions":31953780,"events":16379660347,"avg_session_duration":3200.44486110477},"30d":{"active_users":10666072,"sessions":150420792,"events":72061814666,"avg_session_duration":3131.1577187509183},"90d":{"active_users":29032265,"sessions":501998785,"events":222577606850,"avg_session_duration":2809.337422522298},"365d":{"active_users":91514971,"sessions":3298456192,"events":729485757150,"avg_session_duration":1474.220832210389}}}
