{"property_id":"371754141","timestamp":"2026-01-10T02:44:07.269551Z","periods":{"1d":{"active_users":668570,"sessions":6855218,"events":2574601754,"avg_session_duration":2285.3561296957123},"7d":{"active_users":2754209,"sessions":41199246,"events":21863004373,"avg_session_duration":2839.4418350556007},"30d":{"active_users":9234792,"sessions":162972919,"events":75787458754,"avg_session_duration":2819.1353304243407},"90d":{"active_users":26186038,"sessions":811905186,"events":215057576382,"avg_session_duration":1573.8043609268987},"365d":{"active_users":81530415,"sessions":3236966978,"events":663565959727,"avg_session_duration":1382.0159023786593}}}
