{
  "property_id": "371754141",
  "timestamp": "2026-06-25T03:20:37.999532Z",
  "periods": {
    "1d": {
      "active_users": 752754,
      "sessions": 7210898,
      "events": 3440522264,
      "avg_session_duration": 2465.555963335316
    },
    "7d": {
      "active_users": 3517249,
      "sessions": 41324143,
      "events": 23194663763,
      "avg_session_duration": 2835.704830997878
    },
    "30d": {
      "active_users": 15632359,
      "sessions": 172517094,
      "events": 103405157708,
      "avg_session_duration": 3209.0865327826004
    },
    "90d": {
      "active_users": 44736510,
      "sessions": 487973339,
      "events": 291284445398,
      "avg_session_duration": 3287.1098286477722
    },
    "365d": {
      "active_users": 123775562,
      "sessions": 3049426408,
      "events": 921610979099,
      "avg_session_duration": 1845.6341613077952
    }
  }
}
