{
  "property_id": "371754141",
  "timestamp": "2026-02-02T03:13:23.183860Z",
  "periods": {
    "1d": {
      "active_users": 468572,
      "sessions": 5524683,
      "events": 2408803062,
      "avg_session_duration": 2707.2163923293565
    },
    "7d": {
      "active_users": 2992099,
      "sessions": 43068836,
      "events": 18206436160,
      "avg_session_duration": 2638.1290355198603
    },
    "30d": {
      "active_users": 11254270,
      "sessions": 191660191,
      "events": 82235555248,
      "avg_session_duration": 2732.3609314187115
    },
    "90d": {
      "active_users": 28848263,
      "sessions": 569696545,
      "events": 219248028576,
      "avg_session_duration": 2370.2190877000658
    },
    "365d": {
      "active_users": 86803238,
      "sessions": 3256928316,
      "events": 700399540690,
      "avg_session_duration": 1441.464940771396
    }
  }
}
