{"property_id":"371754141","timestamp":"2026-05-28T03:25:02.574356Z","periods":{"1d":{"active_users":819746,"sessions":5599408,"events":3279204567,"avg_session_duration":3207.1701631463934},"7d":{"active_users":4048197,"sessions":38438310,"events":23101288291,"avg_session_duration":3259.5450234150208},"30d":{"active_users":16095686,"sessions":159067533,"events":95886953447,"avg_session_duration":3336.8943152951583},"90d":{"active_users":41853098,"sessions":480967463,"events":269271329787,"avg_session_duration":3261.6597924617004},"365d":{"active_users":116291018,"sessions":3179603238,"events":871589181309,"avg_session_duration":1712.465831645176}}}
