{"property_id":"371754141","timestamp":"2026-02-16T03:13:22.931487Z","periods":{"1d":{"active_users":414003,"sessions":4925907,"events":2234780454,"avg_session_duration":2888.516906174806},"7d":{"active_users":2839495,"sessions":34044319,"events":16722741771,"avg_session_duration":3336.7236630593993},"30d":{"active_users":11372426,"sessions":174311134,"events":74858524533,"avg_session_duration":2772.1158244817384},"90d":{"active_users":29620712,"sessions":521357945,"events":221750355820,"avg_session_duration":2661.7071325891757},"365d":{"active_users":90000905,"sessions":3273969070,"events":717049742247,"avg_session_duration":1463.1084078651925}}}
