{"property_id":"371754141","timestamp":"2026-06-07T03:22:47.750298Z","periods":{"1d":{"active_users":739580,"sessions":5977406,"events":3357907501,"avg_session_duration":3013.051515451533},"7d":{"active_users":3976961,"sessions":39395083,"events":24890999744,"avg_session_duration":3299.9124029429704},"30d":{"active_users":16174919,"sessions":167872875,"events":101238437054,"avg_session_duration":3244.66671704998},"90d":{"active_users":43970119,"sessions":489845017,"events":279841535436,"avg_session_duration":3256.7646042769593},"365d":{"active_users":119018414,"sessions":3129716586,"events":888901287740,"avg_session_duration":1764.7062295378246}}}
