{
  "property_id": "371754141",
  "timestamp": "2026-06-13T03:21:24.531030Z",
  "periods": {
    "1d": {
      "active_users": 766306,
      "sessions": 5942580,
      "events": 3397452318,
      "avg_session_duration": 3306.60228237728
    },
    "7d": {
      "active_users": 3736966,
      "sessions": 39131731,
      "events": 24160191631,
      "avg_session_duration": 3447.568143381903
    },
    "30d": {
      "active_users": 15815490,
      "sessions": 167404544,
      "events": 103131837140,
      "avg_session_duration": 3308.572186376135
    },
    "90d": {
      "active_users": 44123204,
      "sessions": 493842561,
      "events": 283298517262,
      "avg_session_duration": 3246.6693480091853
    },
    "365d": {
      "active_users": 120991159,
      "sessions": 3120692809,
      "events": 900306705237,
      "avg_session_duration": 1787.5400788450413
    }
  }
}
