{
  "property_id": "371754141",
  "timestamp": "2026-03-10T03:06:56.141734Z",
  "periods": {
    "1d": {
      "active_users": 462144,
      "sessions": 4724727,
      "events": 2386753818,
      "avg_session_duration": 3799.66776250627
    },
    "7d": {
      "active_users": 2620449,
      "sessions": 31770637,
      "events": 17687569337,
      "avg_session_duration": 3629.0150218601398
    },
    "30d": {
      "active_users": 9952557,
      "sessions": 137091485,
      "events": 71660029994,
      "avg_session_duration": 3423.1290307601507
    },
    "90d": {
      "active_users": 29366167,
      "sessions": 487780781,
      "events": 224700863681,
      "avg_session_duration": 2963.9040017609564
    },
    "365d": {
      "active_users": 93529685,
      "sessions": 3308739514,
      "events": 742869309863,
      "avg_session_duration": 1492.8573565088896
    }
  }
}
