{
  "property_id": "371754141",
  "timestamp": "2025-11-17T02:41:40.186545Z",
  "periods": {
    "1d": {
      "active_users": 363711,
      "sessions": 5858724,
      "events": 2226935585,
      "avg_session_duration": 2008.315159008029
    },
    "7d": {
      "active_users": 2520043,
      "sessions": 78510997,
      "events": 15213569516,
      "avg_session_duration": 1143.3283592893656
    },
    "30d": {
      "active_users": 8808134,
      "sessions": 385226084,
      "events": 69736084652,
      "avg_session_duration": 1090.2822730159278
    },
    "90d": {
      "active_users": 22959485,
      "sessions": 1299151435,
      "events": 201535926201,
      "avg_session_duration": 932.5995516613615
    },
    "365d": {
      "active_users": 71434721,
      "sessions": 3012233610,
      "events": 577411854346,
      "avg_session_duration": 1350.0550267721353
    }
  }
}
