{
  "property_id": "371754141",
  "timestamp": "2026-03-08T03:10:00.590883Z",
  "periods": {
    "1d": {
      "active_users": 553664,
      "sessions": 4895332,
      "events": 2556605695,
      "avg_session_duration": 3365.2870222146357
    },
    "7d": {
      "active_users": 2641020,
      "sessions": 32467654,
      "events": 17530704812,
      "avg_session_duration": 3448.3164046223274
    },
    "30d": {
      "active_users": 10278092,
      "sessions": 142232335,
      "events": 71732942827,
      "avg_session_duration": 3279.8807078670884
    },
    "90d": {
      "active_users": 29349439,
      "sessions": 489741397,
      "events": 224453014267,
      "avg_session_duration": 2939.254688791897
    },
    "365d": {
      "active_users": 93148694,
      "sessions": 3319005745,
      "events": 740562684998,
      "avg_session_duration": 1484.4568484787917
    }
  }
}
