{
  "property_id": "371754141",
  "timestamp": "2026-07-16T03:11:40.242365Z",
  "periods": {
    "1d": {
      "active_users": 944232,
      "sessions": 6665898,
      "events": 3507900304,
      "avg_session_duration": 2845.266333865522
    },
    "7d": {
      "active_users": 4688376,
      "sessions": 40588941,
      "events": 23125595516,
      "avg_session_duration": 3216.147850339325
    },
    "30d": {
      "active_users": 16709274,
      "sessions": 177934031,
      "events": 101268658939,
      "avg_session_duration": 3079.081140353233
    },
    "90d": {
      "active_users": 47713394,
      "sessions": 496669293,
      "events": 298789961751,
      "avg_session_duration": 3293.051898689733
    },
    "365d": {
      "active_users": 131395289,
      "sessions": 2944606036,
      "events": 955142320930,
      "avg_session_duration": 1927.5153870067015
    }
  }
}
