{"property_id":"371754141","timestamp":"2026-01-18T02:55:28.500916Z","periods":{"1d":{"active_users":565782,"sessions":7452116,"events":2633810519,"avg_session_duration":2239.9186123839672},"7d":{"active_users":2846142,"sessions":50593617,"events":18769055690,"avg_session_duration":2816.497934079902},"30d":{"active_users":9727575,"sessions":172368917,"events":79219101105,"avg_session_duration":2967.097004807519},"90d":{"active_users":27255961,"sessions":698719530,"events":216644368469,"avg_session_duration":1901.1921355735317},"365d":{"active_users":83248034,"sessions":3277448254,"events":677366142689,"avg_session_duration":1396.5880145257581}}}
