{
  "property_id": "371754141",
  "timestamp": "2025-12-07T02:48:17.323220Z",
  "periods": {
    "1d": {
      "active_users": 445017,
      "sessions": 6119637,
      "events": 2258967109,
      "avg_session_duration": 2112.90684823739
    },
    "7d": {
      "active_users": 2287926,
      "sessions": 41367558,
      "events": 16115941962,
      "avg_session_duration": 2169.5309726730097
    },
    "30d": {
      "active_users": 9520033,
      "sessions": 212617060,
      "events": 66849317908,
      "avg_session_duration": 1812.0645145603985
    },
    "90d": {
      "active_users": 24668497,
      "sessions": 1142363670,
      "events": 209359341487,
      "avg_session_duration": 1089.1779090020989
    },
    "365d": {
      "active_users": 74986078,
      "sessions": 3089895575,
      "events": 607682687527,
      "avg_session_duration": 1358.139784307741
    }
  }
}
