{"property_id":"371754141","timestamp":"2026-05-18T03:23:19.321673Z","periods":{"1d":{"active_users":559487,"sessions":5207394,"events":3082344392,"avg_session_duration":3163.290373705206},"7d":{"active_users":3966674,"sessions":39373252,"events":23412180077,"avg_session_duration":3198.3414303766667},"30d":{"active_users":15404952,"sessions":161856877,"events":93755138934,"avg_session_duration":3265.593178033194},"90d":{"active_users":39799114,"sessions":473331060,"events":259503064431,"avg_session_duration":3250.213190996837},"365d":{"active_users":113599383,"sessions":3169623129,"events":854998557139,"avg_session_duration":1694.3988613608674}}}
