{"property_id":"371754141","timestamp":"2025-12-27T02:43:17.138129Z","periods":{"1d":{"active_users":349408,"sessions":5490761,"events":2100929488,"avg_session_duration":2406.2867143471817},"7d":{"active_users":2014806,"sessions":36162157,"events":14887008454,"avg_session_duration":2597.4948918006867},"30d":{"active_users":8945835,"sessions":165543797,"events":67801627669,"avg_session_duration":2438.681338278169},"90d":{"active_users":25352569,"sessions":986293158,"events":205676735562,"avg_session_duration":1234.8650150835213},"365d":{"active_users":78457127,"sessions":3170766213,"events":635292866240,"avg_session_duration":1363.7217155168287}}}
