{
  "property_id": "371754141",
  "timestamp": "2026-01-29T03:05:45.399881Z",
  "periods": {
    "1d": {
      "active_users": 680332,
      "sessions": 8661048,
      "events": 2835287176,
      "avg_session_duration": 2258.8038254239855
    },
    "7d": {
      "active_users": 2891394,
      "sessions": 43368079,
      "events": 17850875536,
      "avg_session_duration": 2527.54011427706
    },
    "30d": {
      "active_users": 10884217,
      "sessions": 190360101,
      "events": 83740502039,
      "avg_session_duration": 2832.7002385745423
    },
    "90d": {
      "active_users": 28269039,
      "sessions": 561960007,
      "events": 218116279973,
      "avg_session_duration": 2383.763742645738
    },
    "365d": {
      "active_users": 85822747,
      "sessions": 3241914111,
      "events": 694135129957,
      "avg_session_duration": 1437.44733672708
    }
  }
}
