{
  "property_id": "371754141",
  "timestamp": "2026-07-20T03:28:53.060194Z",
  "periods": {
    "1d": {
      "active_users": 0,
      "sessions": 0,
      "events": 0,
      "avg_session_duration": 0.0
    },
    "7d": {
      "active_users": 3994492,
      "sessions": 34824301,
      "events": 19347179311,
      "avg_session_duration": 3232.8663331383377
    },
    "30d": {
      "active_users": 16277942,
      "sessions": 172462257,
      "events": 96650041015,
      "avg_session_duration": 3044.619824099429
    },
    "90d": {
      "active_users": 47770938,
      "sessions": 493495820,
      "events": 294780054339,
      "avg_session_duration": 3283.8393593077794
    },
    "365d": {
      "active_users": 132162391,
      "sessions": 2929434211,
      "events": 956740260990,
      "avg_session_duration": 1938.3091252467557
    }
  }
}
