{
  "property_id": "371754141",
  "timestamp": "2026-01-26T02:59:15.742493Z",
  "periods": {
    "1d": {
      "active_users": 457286,
      "sessions": 5879375,
      "events": 2402623474,
      "avg_session_duration": 2409.87685752286
    },
    "7d": {
      "active_users": 2832439,
      "sessions": 45302585,
      "events": 18048984322,
      "avg_session_duration": 2506.671330320644
    },
    "30d": {
      "active_users": 10406246,
      "sessions": 186574423,
      "events": 82392664600,
      "avg_session_duration": 2846.362611738863
    },
    "90d": {
      "active_users": 28052837,
      "sessions": 566365256,
      "events": 217319609731,
      "avg_session_duration": 2356.4521074448458
    },
    "365d": {
      "active_users": 85134806,
      "sessions": 3235635032,
      "events": 689491938271,
      "avg_session_duration": 1432.8287726781289
    }
  }
}
