{"property_id":"371754141","timestamp":"2026-05-24T03:21:44.129998Z","periods":{"1d":{"active_users":736628,"sessions":5413834,"events":3302080953,"avg_session_duration":3154.083758086845},"7d":{"active_users":3853166,"sessions":38086037,"events":23202100880,"avg_session_duration":3300.160601657881},"30d":{"active_users":15876314,"sessions":160928290,"events":95633365737,"avg_session_duration":3294.816313033206},"90d":{"active_users":41071613,"sessions":477966671,"events":265830170732,"avg_session_duration":3253.466801015991},"365d":{"active_users":115347997,"sessions":3182145509,"events":865741556401,"avg_session_duration":1703.0092811172992}}}
