{"property_id":"371754141","timestamp":"2026-06-05T03:22:31.764965Z","periods":{"1d":{"active_users":763637,"sessions":6136926,"events":3588463326,"avg_session_duration":3144.591684677303},"7d":{"active_users":4074708,"sessions":39213612,"events":25575146050,"avg_session_duration":3343.4779517781108},"30d":{"active_users":16045164,"sessions":167960390,"events":100778768515,"avg_session_duration":3238.9914948112005},"90d":{"active_users":43529670,"sessions":489029505,"events":278270151363,"avg_session_duration":3254.155584739573},"365d":{"active_users":118375129,"sessions":3127980264,"events":885504931593,"avg_session_duration":1760.2482277390968}}}
