{
  "property_id": "371754141",
  "timestamp": "2026-06-20T03:20:45.441583Z",
  "periods": {
    "1d": {
      "active_users": 722723,
      "sessions": 5819927,
      "events": 3281276015,
      "avg_session_duration": 3235.728622350883
    },
    "7d": {
      "active_users": 3763875,
      "sessions": 40619939,
      "events": 24141314530,
      "avg_session_duration": 3333.571362242096
    },
    "30d": {
      "active_users": 15895375,
      "sessions": 169868673,
      "events": 103479513071,
      "avg_session_duration": 3317.796863531325
    },
    "90d": {
      "active_users": 44731380,
      "sessions": 487788162,
      "events": 288801528735,
      "avg_session_duration": 3316.0346755018722
    },
    "365d": {
      "active_users": 123075236,
      "sessions": 3042159396,
      "events": 912981941565,
      "avg_session_duration": 1846.5235999263398
    }
  }
}
