{"property_id":"371754141","timestamp":"2026-03-03T03:11:21.081728Z","periods":{"1d":{"active_users":416914,"sessions":4557041,"events":2314329890,"avg_session_duration":3506.4267910670105},"7d":{"active_users":2508608,"sessions":29571002,"events":16807375686,"avg_session_duration":3518.687533046171},"30d":{"active_users":10191435,"sessions":141947507,"events":70800199797,"avg_session_duration":3275.1787593176427},"90d":{"active_users":29016702,"sessions":495241964,"events":222864727726,"avg_session_duration":2875.2354582752932},"365d":{"active_users":92074051,"sessions":3300762686,"events":734034310254,"avg_session_duration":1481.310143933222}}}
