{"property_id":"371754141","timestamp":"2026-06-06T03:19:38.637117Z","periods":{"1d":{"active_users":810333,"sessions":5972757,"events":3184219058,"avg_session_duration":3057.6701760224832},"7d":{"active_users":4088326,"sessions":38977703,"events":25200750618,"avg_session_duration":3356.2092006532816},"30d":{"active_users":16207145,"sessions":166444511,"events":100964489735,"avg_session_duration":3273.331878780135},"90d":{"active_users":43719681,"sessions":486872305,"events":278897764726,"avg_session_duration":3272.247367811723},"365d":{"active_users":118716497,"sessions":3127209184,"events":887054183582,"avg_session_duration":1763.4776189079791}}}
