{
  "property_id": "371754141",
  "timestamp": "2026-05-12T03:20:37.881519Z",
  "periods": {
    "1d": {
      "active_users": 646596,
      "sessions": 5405712,
      "events": 3008070751,
      "avg_session_duration": 3231.4953807311654
    },
    "7d": {
      "active_users": 4041209,
      "sessions": 37160546,
      "events": 21331523881,
      "avg_session_duration": 3306.9711461005036
    },
    "30d": {
      "active_users": 14951775,
      "sessions": 157501717,
      "events": 93136690762,
      "avg_session_duration": 3377.9001268270335
    },
    "90d": {
      "active_users": 38302087,
      "sessions": 465392486,
      "events": 253354992892,
      "avg_session_duration": 3269.597405332565
    },
    "365d": {
      "active_users": 111750378,
      "sessions": 3171362646,
      "events": 843599669545,
      "avg_session_duration": 1679.9458377207511
    }
  }
}
