{
  "property_id": "371754141",
  "timestamp": "2026-04-23T03:16:52.426874Z",
  "periods": {
    "1d": {
      "active_users": 678512,
      "sessions": 5406304,
      "events": 3067685826,
      "avg_session_duration": 3378.365083422726
    },
    "7d": {
      "active_users": 3622912,
      "sessions": 37553562,
      "events": 22307130746,
      "avg_session_duration": 3395.96923826201
    },
    "30d": {
      "active_users": 14396200,
      "sessions": 163047727,
      "events": 91742069461,
      "avg_session_duration": 3219.4018980302944
    },
    "90d": {
      "active_users": 35740823,
      "sessions": 472088078,
      "events": 242104286960,
      "avg_session_duration": 3166.5456356452564
    },
    "365d": {
      "active_users": 105132217,
      "sessions": 3218768643,
      "events": 811847979844,
      "avg_session_duration": 1619.0325708352286
    }
  }
}
