{
  "property_id": "371754141",
  "timestamp": "2026-06-19T03:24:48.923323Z",
  "periods": {
    "1d": {
      "active_users": 724124,
      "sessions": 6444978,
      "events": 3523297766,
      "avg_session_duration": 3064.2443230731083
    },
    "7d": {
      "active_users": 3793286,
      "sessions": 40759881,
      "events": 24257490833,
      "avg_session_duration": 3342.195959888541
    },
    "30d": {
      "active_users": 15906650,
      "sessions": 169152443,
      "events": 103676050429,
      "avg_session_duration": 3329.617430688003
    },
    "90d": {
      "active_users": 44621607,
      "sessions": 487751312,
      "events": 288207518389,
      "avg_session_duration": 3313.661967496371
    },
    "365d": {
      "active_users": 122961631,
      "sessions": 3044968965,
      "events": 911423021043,
      "avg_session_duration": 1843.408612975467
    }
  }
}
