{"property_id":"371754141","active_users_30d":7500520,"new_users_30d":0,"sessions_30d":414464843,"page_views_30d":0,"events_30d":69335732568,"engagement_rate_30d":0.0,"avg_session_duration_30d":1018.0968133960878,"timestamp":"2025-10-08T21:54:05.945444Z"}
