{"property_id":"371754141","timestamp":"2026-03-27T03:16:02.294909Z","periods":{"1d":{"active_users":668750,"sessions":6125899,"events":3063720114,"avg_session_duration":3433.6176972516905},"7d":{"active_users":3433690,"sessions":46903667,"events":19335550924,"avg_session_duration":2721.703806715366},"30d":{"active_users":12025084,"sessions":161540291,"events":79647024777,"avg_session_duration":3146.169375342094},"90d":{"active_users":32045171,"sessions":507973221,"events":234182091694,"avg_session_duration":2980.805082924884},"365d":{"active_users":98183555,"sessions":3320680537,"events":766090232813,"avg_session_duration":1522.3556948075834}}}
