{
  "property_id": "371754141",
  "timestamp": "2026-06-18T03:22:55.072285Z",
  "periods": {
    "1d": {
      "active_users": 800634,
      "sessions": 6936501,
      "events": 3572766343,
      "avg_session_duration": 2912.8480229170727
    },
    "7d": {
      "active_users": 3844196,
      "sessions": 40453323,
      "events": 24143485552,
      "avg_session_duration": 3370.3263631412956
    },
    "30d": {
      "active_users": 15830020,
      "sessions": 169130596,
      "events": 103544544533,
      "avg_session_duration": 3323.636453839264
    },
    "90d": {
      "active_users": 44604881,
      "sessions": 493018635,
      "events": 287425332559,
      "avg_session_duration": 3274.7175486091596
    },
    "365d": {
      "active_users": 122730894,
      "sessions": 3039860695,
      "events": 909520403712,
      "avg_session_duration": 1844.862084530959
    }
  }
}
