{"property_id":"371754141","timestamp":"2026-04-22T03:16:30.073870Z","periods":{"1d":{"active_users":694660,"sessions":5391223,"events":3028550389,"avg_session_duration":3595.6449213999017},"7d":{"active_users":3673435,"sessions":36988268,"events":22505669464,"avg_session_duration":3460.1960893150563},"30d":{"active_users":14273047,"sessions":163405269,"events":91184227796,"avg_session_duration":3209.4540285418498},"90d":{"active_users":35661197,"sessions":473003391,"events":241625494658,"avg_session_duration":3154.308658438106},"365d":{"active_users":105012687,"sessions":3220965000,"events":810117808277,"avg_session_duration":1616.2017304623032}}}
