{"property_id":"371754141","timestamp":"2026-03-24T03:11:14.564127Z","periods":{"1d":{"active_users":524480,"sessions":5453303,"events":2509844161,"avg_session_duration":3262.244142248825},"7d":{"active_users":3098060,"sessions":49618507,"events":18613391252,"avg_session_duration":2653.3274995135157},"30d":{"active_users":11113092,"sessions":157762546,"events":77592120610,"avg_session_duration":3140.701959436705},"90d":{"active_users":31001179,"sessions":501340406,"events":231710879696,"avg_session_duration":2985.1262556931542},"365d":{"active_users":96962093,"sessions":3316633049,"events":762481423379,"avg_session_duration":1518.236584145971}}}
