{"property_id":"371754141","timestamp":"2025-10-18T02:33:29.903490Z","periods":{"1d":{"active_users":488482,"sessions":30720810,"events":2581455104,"avg_session_duration":473.40949613445747},"7d":{"active_users":2048788,"sessions":145939507,"events":17929747660,"avg_session_duration":715.4873081363527},"30d":{"active_users":7770347,"sessions":519035716,"events":72151435841,"avg_session_duration":832.4760233347885},"90d":{"active_users":20924129,"sessions":1154706969,"events":191295069910,"avg_session_duration":1005.4193816114332},"365d":{"active_users":67071767,"sessions":2666844648,"events":528349294527,"avg_session_duration":1438.2884280633812}}}
