{"property_id":"371754141","timestamp":"2025-10-22T02:40:35.737997Z","periods":{"1d":{"active_users":438337,"sessions":50336310,"events":2345769108,"avg_session_duration":275.6753363689282},"7d":{"active_users":2080441,"sessions":184233153,"events":17325455294,"avg_session_duration":534.9950097184277},"30d":{"active_users":7667375,"sessions":566672083,"events":71214729415,"avg_session_duration":733.1268899989798},"90d":{"active_users":21071312,"sessions":1238260288,"events":194035230125,"avg_session_duration":943.3044777805758},"365d":{"active_users":67361284,"sessions":2779592780,"events":535242025516,"avg_session_duration":1389.6321527674768}}}
