{
  "property_id": "371754141",
  "timestamp": "2026-06-26T03:21:08.416495Z",
  "periods": {
    "1d": {
      "active_users": 832105,
      "sessions": 6273729,
      "events": 2817373170,
      "avg_session_duration": 2813.9750913812527
    },
    "7d": {
      "active_users": 3631383,
      "sessions": 40798315,
      "events": 22488739167,
      "avg_session_duration": 2820.905761161761
    },
    "30d": {
      "active_users": 15706504,
      "sessions": 170864987,
      "events": 102864892499,
      "avg_session_duration": 3233.6238678719315
    },
    "90d": {
      "active_users": 44912995,
      "sessions": 487487994,
      "events": 291020661353,
      "avg_session_duration": 3288.659374014726
    },
    "365d": {
      "active_users": 124172225,
      "sessions": 3050612298,
      "events": 922839694774,
      "avg_session_duration": 1845.9686126553597
    }
  }
}
