{"property_id":"371754141","timestamp":"2026-04-14T03:16:25.163789Z","periods":{"1d":{"active_users":534095,"sessions":4914069,"events":2727821080,"avg_session_duration":3572.2816806499623},"7d":{"active_users":3639085,"sessions":36947483,"events":22373497974,"avg_session_duration":3037.035850874718},"30d":{"active_users":13600262,"sessions":175700104,"events":86512961101,"avg_session_duration":2930.277053509832},"90d":{"active_users":34583661,"sessions":495753228,"events":237214609202,"avg_session_duration":3002.7665951101158},"365d":{"active_users":102311265,"sessions":3276385626,"events":795172862678,"avg_session_duration":1569.9874670640336}}}
