{"property_id":"371754141","timestamp":"2026-03-29T03:15:40.961099Z","periods":{"1d":{"active_users":677267,"sessions":5555764,"events":2909594003,"avg_session_duration":2963.7509519470937},"7d":{"active_users":3573807,"sessions":40107360,"events":19897924537,"avg_session_duration":3168.0693170202},"30d":{"active_users":12286309,"sessions":164603716,"events":80745950369,"avg_session_duration":3138.3922163908724},"90d":{"active_users":32559646,"sessions":510368746,"events":235967243365,"avg_session_duration":2982.474168189386},"365d":{"active_users":98551567,"sessions":3324841733,"events":768798949140,"avg_session_duration":1523.7778964785196}}}
