{
  "property_id": "371754141",
  "timestamp": "2026-06-27T03:19:46.111682Z",
  "periods": {
    "1d": {
      "active_users": 799604,
      "sessions": 6678287,
      "events": 3497590054,
      "avg_session_duration": 2875.5324843065478
    },
    "7d": {
      "active_users": 3713416,
      "sessions": 42478939,
      "events": 22705053206,
      "avg_session_duration": 2718.0558502961126
    },
    "30d": {
      "active_users": 15652566,
      "sessions": 172116389,
      "events": 103083277986,
      "avg_session_duration": 3217.348913158794
    },
    "90d": {
      "active_users": 45112268,
      "sessions": 487287868,
      "events": 291608657404,
      "avg_session_duration": 3295.6283072328883
    },
    "365d": {
      "active_users": 124460349,
      "sessions": 3046457141,
      "events": 924685671490,
      "avg_session_duration": 1849.9498558931323
    }
  }
}
