{
  "property_id": "371754141",
  "timestamp": "2025-11-02T02:41:52.425166Z",
  "periods": {
    "1d": {
      "active_users": 430898,
      "sessions": 6292147,
      "events": 2729883908,
      "avg_session_duration": 2214.8312377991024
    },
    "7d": {
      "active_users": 2274481,
      "sessions": 61859965,
      "events": 17455702165,
      "avg_session_duration": 1739.064138935794
    },
    "30d": {
      "active_users": 8147388,
      "sessions": 603212344,
      "events": 73186762931,
      "avg_session_duration": 712.2245736560709
    },
    "90d": {
      "active_users": 21807555,
      "sessions": 1298739957,
      "events": 199936305085,
      "avg_session_duration": 925.8496511675638
    },
    "365d": {
      "active_users": 68850056,
      "sessions": 2899564028,
      "events": 554964189648,
      "avg_session_duration": 1366.0128116723013
    }
  }
}
