{"property_id":"371754141","timestamp":"2026-05-31T03:22:45.874621Z","periods":{"1d":{"active_users":814549,"sessions":5505064,"events":3667658375,"avg_session_duration":3419.984695733294},"7d":{"active_users":4188741,"sessions":38402955,"events":23454812085,"avg_session_duration":3300.7261119354143},"30d":{"active_users":16255923,"sessions":161533911,"events":96614607419,"avg_session_duration":3290.757426101914},"90d":{"active_users":42779567,"sessions":487713772,"events":272565681101,"avg_session_duration":3236.8006344698647},"365d":{"active_users":117204961,"sessions":3149116650,"events":876537414197,"avg_session_duration":1735.957935377523}}}
