{
  "property_id": "371754141",
  "timestamp": "2025-10-08T22:01:30.179985Z",
  "active_users_1d": 438669,
  "sessions_1d": 29186391,
  "events_1d": 2386811868,
  "avg_session_duration_1d": 433.3155484507242,
  "active_users_30d": 7500520,
  "sessions_30d": 414464843,
  "events_30d": 69335732568,
  "avg_session_duration_30d": 1018.0968133960878,
  "active_users_90d": 20423027,
  "sessions_90d": 1010193365,
  "events_90d": 185464584275,
  "avg_session_duration_90d": 1143.4164044299002,
  "active_users_365d": 66338912,
  "sessions_365d": 2467498971,
  "events_365d": 511064023281,
  "avg_session_duration_365d": 1523.7232935562417
}
