{"property_id":"371754141","timestamp":"2026-03-17T03:10:29.141544Z","periods":{"1d":{"active_users":531917,"sessions":4554814,"events":2523212755,"avg_session_duration":2169.3710403965392},"7d":{"active_users":3363901,"sessions":36806971,"events":20009142456,"avg_session_duration":3131.639195010942},"30d":{"active_users":10525796,"sessions":143121061,"events":74925735175,"avg_session_duration":3289.488558041739},"90d":{"active_users":30292525,"sessions":484257672,"events":228955076656,"avg_session_duration":3023.2833406666045},"365d":{"active_users":95324211,"sessions":3303892328,"events":754385732280,"avg_session_duration":1509.3099796333697}}}
