{
  "property_id": "371754141",
  "timestamp": "2026-03-21T03:03:47.267081Z",
  "periods": {
    "1d": {
      "active_users": 655582,
      "sessions": 12018933,
      "events": 2741111936,
      "avg_session_duration": 1497.8693120103703
    },
    "7d": {
      "active_users": 3218937,
      "sessions": 47617604,
      "events": 18655120911,
      "avg_session_duration": 2516.8007112554264
    },
    "30d": {
      "active_users": 10951292,
      "sessions": 154410159,
      "events": 76883779157,
      "avg_session_duration": 3184.1354710034657
    },
    "90d": {
      "active_users": 30812072,
      "sessions": 496319302,
      "events": 230325388147,
      "avg_session_duration": 2992.402305927317
    },
    "365d": {
      "active_users": 96586778,
      "sessions": 3317290285,
      "events": 759206869004,
      "avg_session_duration": 1512.6276658066301
    }
  }
}
