{"property_id":"371754141","timestamp":"2025-11-11T02:41:02.935871Z","periods":{"1d":{"active_users":389707,"sessions":4967093,"events":1954298032,"avg_session_duration":2606.286552200116},"7d":{"active_users":2246848,"sessions":39488556,"events":15407038029,"avg_session_duration":2438.6673724519237},"30d":{"active_users":8394296,"sessions":436196706,"events":71589136710,"avg_session_duration":986.8843568574013},"90d":{"active_users":22069305,"sessions":1281017538,"events":201491371860,"avg_session_duration":947.9171809481127},"365d":{"active_users":70124466,"sessions":2953714581,"events":568184670083,"avg_session_duration":1363.2080917273158}}}
