{
  "property_id": "371754141",
  "timestamp": "2026-06-29T03:24:07.339210Z",
  "periods": {
    "1d": {
      "active_users": 0,
      "sessions": 0,
      "events": 0,
      "avg_session_duration": 0.0
    },
    "7d": {
      "active_users": 3537416,
      "sessions": 38333106,
      "events": 19598615369,
      "avg_session_duration": 2707.7302646066664
    },
    "30d": {
      "active_users": 15087516,
      "sessions": 168764703,
      "events": 99519787524,
      "avg_session_duration": 3164.126503459974
    },
    "90d": {
      "active_users": 45117123,
      "sessions": 483443028,
      "events": 289309991402,
      "avg_session_duration": 3289.593748474093
    },
    "365d": {
      "active_users": 124615588,
      "sessions": 3044800530,
      "events": 924675634489,
      "avg_session_duration": 1846.4969884527295
    }
  }
}
