{
  "property_id": "371754141",
  "timestamp": "2026-03-09T03:11:52.733969Z",
  "periods": {
    "1d": {
      "active_users": 427384,
      "sessions": 4092063,
      "events": 2414136791,
      "avg_session_duration": 3877.491073915613
    },
    "7d": {
      "active_users": 2589908,
      "sessions": 32016293,
      "events": 17615145409,
      "avg_session_duration": 3539.530847900268
    },
    "30d": {
      "active_users": 10073746,
      "sessions": 139593574,
      "events": 71645629397,
      "avg_session_duration": 3343.294020112019
    },
    "90d": {
      "active_users": 29400120,
      "sessions": 486912398,
      "events": 224717496335,
      "avg_session_duration": 2961.483439755836
    },
    "365d": {
      "active_users": 93410135,
      "sessions": 3309926545,
      "events": 741689862441,
      "avg_session_duration": 1489.8904590472155
    }
  }
}
