{"property_id":"371754141","timestamp":"2026-04-17T03:16:59.272401Z","periods":{"1d":{"active_users":717736,"sessions":5296642,"events":2985491289,"avg_session_duration":3521.7844815558888},"7d":{"active_users":3718942,"sessions":36200178,"events":21546951109,"avg_session_duration":3363.455452875685},"30d":{"active_users":14047592,"sessions":178382130,"events":88318907618,"avg_session_duration":2955.89566958559},"90d":{"active_users":35019604,"sessions":485858678,"events":238583300510,"avg_session_duration":3061.5288938264616},"365d":{"active_users":103597856,"sessions":3232812306,"events":800461487861,"avg_session_duration":1598.7762468088388}}}
