{
  "property_id": "371754141",
  "timestamp": "2026-05-20T03:21:35.429550Z",
  "periods": {
    "1d": {
      "active_users": 735081,
      "sessions": 5650545,
      "events": 3391791870,
      "avg_session_duration": 3303.16437046928
    },
    "7d": {
      "active_users": 3787991,
      "sessions": 40357086,
      "events": 23639904807,
      "avg_session_duration": 3124.0704028823006
    },
    "30d": {
      "active_users": 15379078,
      "sessions": 162018827,
      "events": 94003246273,
      "avg_session_duration": 3281.038097544359
    },
    "90d": {
      "active_users": 40015466,
      "sessions": 475466562,
      "events": 261415247117,
      "avg_session_duration": 3248.7940000916033
    },
    "365d": {
      "active_users": 114091825,
      "sessions": 3174284185,
      "events": 858706131925,
      "avg_session_duration": 1696.9654112410835
    }
  }
}
