{
  "property_id": "371754141",
  "timestamp": "2025-12-28T02:55:07.214480Z",
  "periods": {
    "1d": {
      "active_users": 375036,
      "sessions": 4590603,
      "events": 2108119626,
      "avg_session_duration": 2923.4392426364707
    },
    "7d": {
      "active_users": 1961820,
      "sessions": 35594411,
      "events": 14845855067,
      "avg_session_duration": 2643.485566064761
    },
    "30d": {
      "active_users": 8856255,
      "sessions": 162795861,
      "events": 67654744126,
      "avg_session_duration": 2482.742851802741
    },
    "90d": {
      "active_users": 25410537,
      "sessions": 987513182,
      "events": 206008920528,
      "avg_session_duration": 1236.7001581638751
    },
    "365d": {
      "active_users": 78665176,
      "sessions": 3176311110,
      "events": 636401085521,
      "avg_session_duration": 1362.957056278707
    }
  }
}
