{
  "property_id": "371754141",
  "timestamp": "2026-06-17T03:23:55.207980Z",
  "periods": {
    "1d": {
      "active_users": 760002,
      "sessions": 6534860,
      "events": 3456773630,
      "avg_session_duration": 3096.7157937501197
    },
    "7d": {
      "active_users": 3808998,
      "sessions": 40057688,
      "events": 23990086273,
      "avg_session_duration": 3363.17734979344
    },
    "30d": {
      "active_users": 15584394,
      "sessions": 167151417,
      "events": 103031826853,
      "avg_session_duration": 3347.254760892325
    },
    "90d": {
      "active_users": 44411103,
      "sessions": 495478593,
      "events": 286553951144,
      "avg_session_duration": 3253.6397084059963
    },
    "365d": {
      "active_users": 122426667,
      "sessions": 3045927829,
      "events": 907626195965,
      "avg_session_duration": 1839.384145655158
    }
  }
}
