{"property_id":"371754141","timestamp":"2026-04-06T03:17:06.856406Z","periods":{"1d":{"active_users":475876,"sessions":4831081,"events":2727035380,"avg_session_duration":3226.675292495119},"7d":{"active_users":3529436,"sessions":37112743,"events":20098957773,"avg_session_duration":3309.8069006165606},"30d":{"active_users":13169555,"sessions":174369464,"events":83831690895,"avg_session_duration":3026.837022055777},"90d":{"active_users":33936976,"sessions":514388237,"events":234946598321,"avg_session_duration":2948.4142471464143},"365d":{"active_users":100323324,"sessions":3326524551,"events":781263001863,"avg_session_duration":1539.2267744935336}}}
