{
  "property_id": "371754141",
  "timestamp": "2025-10-21T02:39:14.149813Z",
  "periods": {
    "1d": {
      "active_users": 373094,
      "sessions": 31486266,
      "events": 2379235468,
      "avg_session_duration": 431.57462043680374
    },
    "7d": {
      "active_users": 2088947,
      "sessions": 157116542,
      "events": 17574711829,
      "avg_session_duration": 631.2816851517648
    },
    "30d": {
      "active_users": 7595898,
      "sessions": 538190112,
      "events": 71387020869,
      "avg_session_duration": 775.1499514704201
    },
    "90d": {
      "active_users": 21079898,
      "sessions": 1190068649,
      "events": 193320266564,
      "avg_session_duration": 978.8609828773892
    },
    "365d": {
      "active_users": 67293228,
      "sessions": 2736349639,
      "events": 533571516106,
      "avg_session_duration": 1408.892898011913
    }
  }
}
