{
  "property_id": "371754141",
  "timestamp": "2025-10-20T02:41:33.404445Z",
  "periods": {
    "1d": {
      "active_users": 0,
      "sessions": 0,
      "events": 0,
      "avg_session_duration": 0.0
    },
    "7d": {
      "active_users": 1856478,
      "sessions": 136252035,
      "events": 15207623882,
      "avg_session_duration": 635.828217283958
    },
    "30d": {
      "active_users": 7458891,
      "sessions": 503748170,
      "events": 69255656147,
      "avg_session_duration": 811.6776317895155
    },
    "90d": {
      "active_users": 20827070,
      "sessions": 1156138330,
      "events": 190336454290,
      "avg_session_duration": 994.9891391986578
    },
    "365d": {
      "active_users": 67042574,
      "sessions": 2688453560,
      "events": 529505090266,
      "avg_session_duration": 1426.9391440813654
    }
  }
}
