{
  "property_id": "371754141",
  "timestamp": "2026-06-22T03:25:51.281114Z",
  "periods": {
    "1d": {
      "active_users": 550812,
      "sessions": 5433540,
      "events": 3157689482,
      "avg_session_duration": 3129.2365451070814
    },
    "7d": {
      "active_users": 3632413,
      "sessions": 41639708,
      "events": 23576692294,
      "avg_session_duration": 3048.7656679878432
    },
    "30d": {
      "active_users": 15551454,
      "sessions": 167866870,
      "events": 103010406818,
      "avg_session_duration": 3307.402145292888
    },
    "90d": {
      "active_users": 44923609,
      "sessions": 487115193,
      "events": 290194761946,
      "avg_session_duration": 3308.882255823917
    },
    "365d": {
      "active_users": 123086094,
      "sessions": 3041281934,
      "events": 916161565112,
      "avg_session_duration": 1847.3757935397819
    }
  }
}
