{
  "property_id": "371754141",
  "timestamp": "2025-12-06T02:40:06.512762Z",
  "periods": {
    "1d": {
      "active_users": 484139,
      "sessions": 6447895,
      "events": 2292880728,
      "avg_session_duration": 2146.653773012235
    },
    "7d": {
      "active_users": 2283237,
      "sessions": 41327663,
      "events": 16201720969,
      "avg_session_duration": 2167.181048913308
    },
    "30d": {
      "active_users": 9491248,
      "sessions": 209946730,
      "events": 67273762059,
      "avg_session_duration": 1847.809021633418
    },
    "90d": {
      "active_users": 24484892,
      "sessions": 1143986168,
      "events": 208928949986,
      "avg_session_duration": 1085.5446055798643
    },
    "365d": {
      "active_users": 74757473,
      "sessions": 3083605351,
      "events": 606221682330,
      "avg_session_duration": 1358.8313757861695
    }
  }
}
