{"property_id":"371754141","timestamp":"2025-10-23T02:38:38.416314Z","periods":{"1d":{"active_users":467024,"sessions":48440845,"events":2429615444,"avg_session_duration":291.15624834021617},"7d":{"active_users":2092347,"sessions":203875382,"events":17121677635,"avg_session_duration":481.3002935366058},"30d":{"active_users":7764427,"sessions":604056300,"events":70868989266,"avg_session_duration":679.9968575114349},"90d":{"active_users":21118501,"sessions":1278760055,"events":194820008902,"avg_session_duration":916.219946250357},"365d":{"active_users":67320731,"sessions":2807311019,"events":536959363551,"avg_session_duration":1378.5285309864894}}}
