{"property_id":"371754141","timestamp":"2026-05-30T03:19:36.165131Z","periods":{"1d":{"active_users":0,"sessions":0,"events":0,"avg_session_duration":0.0},"7d":{"active_users":3481897,"sessions":32794025,"events":19530620173,"avg_session_duration":3246.043904435234},"30d":{"active_users":15547489,"sessions":155205301,"events":92557637237,"avg_session_duration":3299.557427920105},"90d":{"active_users":41819892,"sessions":476666301,"events":267669104430,"avg_session_duration":3263.8195548154918},"365d":{"active_users":116189853,"sessions":3157935729,"events":871049915913,"avg_session_duration":1722.488514580173}}}
