{"property_id":"371754141","timestamp":"2025-12-21T02:49:14.691823Z","periods":{"1d":{"active_users":435126,"sessions":5619376,"events":2149273013,"avg_session_duration":2359.3465414100074},"7d":{"active_users":2419841,"sessions":39379457,"events":15892219427,"avg_session_duration":2509.3471756081985},"30d":{"active_users":9400100,"sessions":169027162,"events":68371122380,"avg_session_duration":2378.040929338727},"90d":{"active_users":25439507,"sessions":1038331058,"events":208624817314,"avg_session_duration":1188.061082161441},"365d":{"active_users":77526399,"sessions":3153720226,"events":627790355224,"avg_session_duration":1358.9766582093523}}}
