{"property_id":"371754141","timestamp":"2025-12-23T02:46:27.639054Z","periods":{"1d":{"active_users":361595,"sessions":4731070,"events":2083653305,"avg_session_duration":2990.9172952974395},"7d":{"active_users":2335723,"sessions":37930208,"events":15893989290,"avg_session_duration":2612.298310785542},"30d":{"active_users":9132072,"sessions":165830120,"events":68067208499,"avg_session_duration":2430.297891808192},"90d":{"active_users":25349607,"sessions":1011888431,"events":207419089898,"avg_session_duration":1211.7136472367906},"365d":{"active_users":77715052,"sessions":3151174231,"events":630153626074,"avg_session_duration":1364.5581045512515}}}
