{
  "property_id": "371754141",
  "timestamp": "2025-11-15T02:39:18.626316Z",
  "periods": {
    "1d": {
      "active_users": 528443,
      "sessions": 7117371,
      "events": 2324243974,
      "avg_session_duration": 1821.1574773327686
    },
    "7d": {
      "active_users": 2461105,
      "sessions": 77579936,
      "events": 14718972193,
      "avg_session_duration": 1154.8570052969844
    },
    "30d": {
      "active_users": 8887024,
      "sessions": 408750104,
      "events": 70309337992,
      "avg_session_duration": 1041.5474706735563
    },
    "90d": {
      "active_users": 22713866,
      "sessions": 1304929129,
      "events": 201141339541,
      "avg_session_duration": 930.1016504416053
    },
    "365d": {
      "active_users": 71205270,
      "sessions": 3001587371,
      "events": 574313551460,
      "avg_session_duration": 1350.5564365866312
    }
  }
}
