{"property_id":"371754141","timestamp":"2026-01-25T02:58:18.596812Z","periods":{"1d":{"active_users":545561,"sessions":5550536,"events":2544138392,"avg_session_duration":2740.044050512303},"7d":{"active_users":2821329,"sessions":46603889,"events":18218500573,"avg_session_duration":2463.0157060423467},"30d":{"active_users":10324029,"sessions":185850780,"events":82090970614,"avg_session_duration":2852.3003101235768},"90d":{"active_users":28026881,"sessions":576321260,"events":217447594118,"avg_session_duration":2321.3824565025307},"365d":{"active_users":84874306,"sessions":3237289648,"events":688156380679,"avg_session_duration":1430.7881115322207}}}
