{
  "property_id": "371754141",
  "timestamp": "2026-07-19T03:13:15.431990Z",
  "periods": {
    "1d": {
      "active_users": 795517,
      "sessions": 5468960,
      "events": 2371917398,
      "avg_session_duration": 3140.2591349382647
    },
    "7d": {
      "active_users": 4446853,
      "sessions": 39848691,
      "events": 22552069356,
      "avg_session_duration": 3242.884301152148
    },
    "30d": {
      "active_users": 16777882,
      "sessions": 178296120,
      "events": 99931317030,
      "avg_session_duration": 3050.6200075751685
    },
    "90d": {
      "active_users": 48056666,
      "sessions": 497014686,
      "events": 297610613732,
      "avg_session_duration": 3297.1190261925794
    },
    "365d": {
      "active_users": 132607988,
      "sessions": 2944926457,
      "events": 958546280494,
      "avg_session_duration": 1932.8128405088066
    }
  }
}
