{
  "property_id": "371754141",
  "timestamp": "2026-01-24T02:46:18.610037Z",
  "periods": {
    "1d": {
      "active_users": 558792,
      "sessions": 5971412,
      "events": 2507519693,
      "avg_session_duration": 2480.231314514342
    },
    "7d": {
      "active_users": 2815689,
      "sessions": 48412665,
      "events": 18308172700,
      "avg_session_duration": 2401.6345878861275
    },
    "30d": {
      "active_users": 10215904,
      "sessions": 184373947,
      "events": 81684145551,
      "avg_session_duration": 2863.0263713333397
    },
    "90d": {
      "active_users": 27818198,
      "sessions": 581453288,
      "events": 217370264421,
      "avg_session_duration": 2302.835386237938
    },
    "365d": {
      "active_users": 84560784,
      "sessions": 3239666479,
      "events": 686682274417,
      "avg_session_duration": 1427.4302107960548
    }
  }
}
