{"property_id":"371754141","timestamp":"2026-03-16T03:16:34.984122Z","periods":{"1d":{"active_users":524627,"sessions":4793115,"events":2527381215,"avg_session_duration":3019.3266645117815},"7d":{"active_users":3278442,"sessions":36698114,"events":19872683519,"avg_session_duration":3360.8665643084905},"30d":{"active_users":10522324,"sessions":143857771,"events":74790299837,"avg_session_duration":3308.3081781787264},"90d":{"active_users":30234792,"sessions":484512126,"events":228644660311,"avg_session_duration":3030.6482248450184},"365d":{"active_users":95167991,"sessions":3300252834,"events":753294555072,"avg_session_duration":1510.7443352919615}}}
