{
  "property_id": "371754141",
  "timestamp": "2026-07-06T03:18:48.348886Z",
  "periods": {
    "1d": {
      "active_users": 658758,
      "sessions": 5546676,
      "events": 3359074515,
      "avg_session_duration": 3104.5570479457615
    },
    "7d": {
      "active_users": 3974188,
      "sessions": 42157477,
      "events": 24639451749,
      "avg_session_duration": 3076.0710678712485
    },
    "30d": {
      "active_users": 15297441,
      "sessions": 177221491,
      "events": 102274486134,
      "avg_session_duration": 3098.198463225321
    },
    "90d": {
      "active_users": 46266994,
      "sessions": 495552044,
      "events": 297273348638,
      "avg_session_duration": 3258.714022854196
    },
    "365d": {
      "active_users": 126645475,
      "sessions": 2981235580,
      "events": 940447002539,
      "avg_session_duration": 1895.5828462306401
    }
  }
}
