{"property_id":"371754141","timestamp":"2025-12-02T02:42:52.807442Z","periods":{"1d":{"active_users":0,"sessions":0,"events":0,"avg_session_duration":0.0},"7d":{"active_users":2094914,"sessions":36293410,"events":13815207796,"avg_session_duration":2219.4256009020796},"30d":{"active_users":9086028,"sessions":205893715,"events":63918171176,"avg_session_duration":1836.5183847110566},"90d":{"active_users":23984433,"sessions":1168029869,"events":204868592864,"avg_session_duration":1046.2801541739482},"365d":{"active_users":73706339,"sessions":3055866420,"events":597583268046,"avg_session_duration":1358.894661511757}}}
