{"property_id":"371754141","timestamp":"2026-06-09T03:22:02.263975Z","periods":{"1d":{"active_users":556623,"sessions":4886957,"events":3217056419,"avg_session_duration":4025.3158624288294},"7d":{"active_users":3847576,"sessions":38824224,"events":25005769936,"avg_session_duration":3465.4027709871807},"30d":{"active_users":15857049,"sessions":166230423,"events":102105165674,"avg_session_duration":3287.8884577709255},"90d":{"active_users":43900040,"sessions":491100652,"events":280282306207,"avg_session_duration":3244.401752093714},"365d":{"active_users":119474637,"sessions":3131525795,"events":893118760481,"avg_session_duration":1770.2243931868713}}}
