{
  "property_id": "371754141",
  "timestamp": "2025-12-30T02:47:16.819857Z",
  "periods": {
    "1d": { "active_users": 0, "sessions": 0, "events": 0, "avg_session_duration": 0.0 },
    "7d": {
      "active_users": 1735590,
      "sessions": 30824254,
      "events": 12792274035,
      "avg_session_duration": 2626.5233607501505
    },
    "30d": {
      "active_users": 8469708,
      "sessions": 156121011,
      "events": 65011567738,
      "avg_session_duration": 2510.6604005899862
    },
    "90d": {
      "active_users": 25110085,
      "sessions": 985254260,
      "events": 204318682276,
      "avg_session_duration": 1230.344021230738
    },
    "365d": {
      "active_users": 78673041,
      "sessions": 3175466340,
      "events": 636767332260,
      "avg_session_duration": 1363.6424645803288
    }
  }
}
