{"property_id":"371754141","timestamp":"2026-05-26T03:22:52.208920Z","periods":{"1d":{"active_users":599477,"sessions":5017152,"events":3182788599,"avg_session_duration":3525.1034945445335},"7d":{"active_users":3880711,"sessions":37595598,"events":23334050588,"avg_session_duration":3343.19468031652},"30d":{"active_users":15703631,"sessions":159356016,"events":95746878095,"avg_session_duration":3323.3116129446094},"90d":{"active_users":41378334,"sessions":479900229,"events":267526312467,"avg_session_duration":3247.8267313826},"365d":{"active_users":115756990,"sessions":3181135591,"events":868114377079,"avg_session_duration":1707.1507658960943}}}
