{
  "property_id": "371754141",
  "timestamp": "2026-06-23T03:20:26.962116Z",
  "periods": {
    "1d": {
      "active_users": 574182,
      "sessions": 5190300,
      "events": 3171838493,
      "avg_session_duration": 3466.802176424166
    },
    "7d": {
      "active_users": 3629437,
      "sessions": 41343517,
      "events": 23424867623,
      "avg_session_duration": 3049.5003776942835
    },
    "30d": {
      "active_users": 15433226,
      "sessions": 168465142,
      "events": 102880164358,
      "avg_session_duration": 3301.1060733829336
    },
    "90d": {
      "active_users": 44716266,
      "sessions": 488096806,
      "events": 290479535812,
      "avg_session_duration": 3300.665294929945
    },
    "365d": {
      "active_users": 123398373,
      "sessions": 3042102402,
      "events": 917850525965,
      "avg_session_duration": 1848.3641159903407
    }
  }
}
