{"property_id":"371754141","timestamp":"2025-10-11T02:32:57.922152Z","periods":{"1d":{"active_users":467331,"sessions":59616875,"events":2646151364,"avg_session_duration":254.82093106097818},"7d":{"active_users":1975553,"sessions":188615149,"events":15323055341,"avg_session_duration":457.5394867942535},"30d":{"active_users":7518958,"sessions":477402637,"events":70432666374,"avg_session_duration":893.9808515043958},"90d":{"active_users":20518276,"sessions":1071387493,"events":186680643478,"avg_session_duration":1079.0575037170922},"365d":{"active_users":66595052,"sessions":2540284678,"events":514920949099,"avg_session_duration":1486.1342152412906}}}
