{
  "property_id": "371754141",
  "timestamp": "2026-03-20T03:08:50.186857Z",
  "periods": {
    "1d": {
      "active_users": 687104,
      "sessions": 10506871,
      "events": 2701384928,
      "avg_session_duration": 1695.7495954706058
    },
    "7d": {
      "active_users": 3260330,
      "sessions": 41221373,
      "events": 18577182785,
      "avg_session_duration": 2910.451264950257
    },
    "30d": {
      "active_users": 10918322,
      "sessions": 147942731,
      "events": 76419109051,
      "avg_session_duration": 3300.939873090707
    },
    "90d": {
      "active_users": 30737263,
      "sessions": 492809475,
      "events": 229733549224,
      "avg_session_duration": 3004.0864944971077
    },
    "365d": {
      "active_users": 96345763,
      "sessions": 3314899738,
      "events": 757959666762,
      "avg_session_duration": 1512.326456794347
    }
  }
}
