{
  "property_id": "371754141",
  "timestamp": "2026-07-01T03:22:17.928653Z",
  "periods": {
    "1d": {
      "active_users": 803974,
      "sessions": 6904957,
      "events": 3524324506,
      "avg_session_duration": 2792.318886558382
    },
    "7d": {
      "active_users": 4054250,
      "sessions": 44071908,
      "events": 23328269738,
      "avg_session_duration": 2863.741202595327
    },
    "30d": {
      "active_users": 15433902,
      "sessions": 176097062,
      "events": 102599957547,
      "avg_session_duration": 3141.2809569011365
    },
    "90d": {
      "active_users": 45676223,
      "sessions": 490442773,
      "events": 294137908600,
      "avg_session_duration": 3281.129804587632
    },
    "365d": {
      "active_users": 125542859,
      "sessions": 3036010747,
      "events": 931675338412,
      "avg_session_duration": 1860.1056997290384
    }
  }
}
