{"property_id":"371754141","timestamp":"2026-03-14T03:06:11.538015Z","periods":{"1d":{"active_users":683630,"sessions":5859293,"events":2663173810,"avg_session_duration":3094.4976602409024},"7d":{"active_users":3088052,"sessions":35515528,"events":19611961267,"avg_session_duration":3520.7387079502623},"30d":{"active_users":10505588,"sessions":144500730,"events":74598220089,"avg_session_duration":3298.207312580117},"90d":{"active_users":30043272,"sessions":487067652,"events":227562486663,"avg_session_duration":3006.070568130219},"365d":{"active_users":94599257,"sessions":3312100480,"events":750443344781,"avg_session_duration":1501.443222478989}}}
