{
  "property_id": "371754141",
  "timestamp": "2026-04-24T03:17:59.533732Z",
  "periods": {
    "1d": {
      "active_users": 707089,
      "sessions": 5693530,
      "events": 3111000883,
      "avg_session_duration": 3255.263727925404
    },
    "7d": {
      "active_users": 3602563,
      "sessions": 37687884,
      "events": 22432640340,
      "avg_session_duration": 3380.689970072694
    },
    "30d": {
      "active_users": 14264723,
      "sessions": 162597438,
      "events": 91966005717,
      "avg_session_duration": 3226.949551322558
    },
    "90d": {
      "active_users": 35945147,
      "sessions": 472452348,
      "events": 242707768150,
      "avg_session_duration": 3171.985297636082
    },
    "365d": {
      "active_users": 105455513,
      "sessions": 3215072258,
      "events": 813587764115,
      "avg_session_duration": 1622.6638986321211
    }
  }
}
