{
  "property_id": "371754141",
  "timestamp": "2025-11-21T02:40:33.959271Z",
  "periods": {
    "1d": { "active_users": 0, "sessions": 0, "events": 0, "avg_session_duration": 0.0 },
    "7d": {
      "active_users": 2081573,
      "sessions": 34976325,
      "events": 13552249248,
      "avg_session_duration": 2117.3702475103228
    },
    "30d": {
      "active_users": 8800362,
      "sessions": 278004121,
      "events": 66845281075,
      "avg_session_duration": 1448.92523719296
    },
    "90d": {
      "active_users": 22844757,
      "sessions": 1228854718,
      "events": 200758680505,
      "avg_session_duration": 977.9293365991567
    },
    "365d": {
      "active_users": 71731621,
      "sessions": 3015455663,
      "events": 581254808293,
      "avg_session_duration": 1352.6938885679567
    }
  }
}
