{
  "property_id": "371754141",
  "timestamp": "2026-02-13T03:13:43.793899Z",
  "periods": {
    "1d": {
      "active_users": 578952,
      "sessions": 5443074,
      "events": 2568803754,
      "avg_session_duration": 2992.9694319340356
    },
    "7d": {
      "active_users": 2879942,
      "sessions": 34628724,
      "events": 16758882064,
      "avg_session_duration": 3314.2826242698984
    },
    "30d": {
      "active_users": 11471676,
      "sessions": 179942221,
      "events": 75968148243,
      "avg_session_duration": 2763.7377773155113
    },
    "90d": {
      "active_users": 29514377,
      "sessions": 528466378,
      "events": 221433662999,
      "avg_session_duration": 2614.1446637131794
    },
    "365d": {
      "active_users": 89585799,
      "sessions": 3270856302,
      "events": 713505083798,
      "avg_session_duration": 1459.0955775053249
    }
  }
}
