{
  "property_id": "371754141",
  "timestamp": "2026-06-16T03:23:29.872551Z",
  "periods": {
    "1d": {
      "active_users": 612034,
      "sessions": 5883871,
      "events": 3323663164,
      "avg_session_duration": 3206.4579262568896
    },
    "7d": {
      "active_users": 3762912,
      "sessions": 38342096,
      "events": 23965903246,
      "avg_session_duration": 3528.200565390448
    },
    "30d": {
      "active_users": 15385909,
      "sessions": 167358856,
      "events": 102657397615,
      "avg_session_duration": 3320.6146645952967
    },
    "90d": {
      "active_users": 44304052,
      "sessions": 496010288,
      "events": 285840210430,
      "avg_session_duration": 3255.907072745765
    },
    "365d": {
      "active_users": 121841289,
      "sessions": 3047419803,
      "events": 905772398812,
      "avg_session_duration": 1836.744200740632
    }
  }
}
