{
  "property_id": "371754141",
  "timestamp": "2026-07-17T03:11:55.821048Z",
  "periods": {
    "1d": {
      "active_users": 887276,
      "sessions": 6370823,
      "events": 3376607785,
      "avg_session_duration": 3069.788565705149
    },
    "7d": {
      "active_users": 4634690,
      "sessions": 40962175,
      "events": 23030069595,
      "avg_session_duration": 3183.1186313611333
    },
    "30d": {
      "active_users": 16728070,
      "sessions": 179350169,
      "events": 101188493094,
      "avg_session_duration": 3050.9800886037247
    },
    "90d": {
      "active_users": 47734544,
      "sessions": 496703324,
      "events": 297975458881,
      "avg_session_duration": 3292.2084576160782
    },
    "365d": {
      "active_users": 131724640,
      "sessions": 2946059172,
      "events": 956405356973,
      "avg_session_duration": 1928.7576053203031
    }
  }
}
