{
  "property_id": "371754141",
  "timestamp": "2026-07-24T03:12:43.782411Z",
  "periods": {
    "1d": {
      "active_users": 856626,
      "sessions": 7191644,
      "events": 3570497421,
      "avg_session_duration": 2811.049278755565
    },
    "7d": {
      "active_users": 4614988,
      "sessions": 41700007,
      "events": 22855817510,
      "avg_session_duration": 2994.4714063574115
    },
    "30d": {
      "active_users": 17634054,
      "sessions": 179891491,
      "events": 100717402762,
      "avg_session_duration": 3071.0407559647174
    },
    "90d": {
      "active_users": 48456902,
      "sessions": 505156909,
      "events": 299510767071,
      "avg_session_duration": 3236.5745754480713
    },
    "365d": {
      "active_users": 133848429,
      "sessions": 2933534412,
      "events": 966926471055,
      "avg_session_duration": 1949.7824665269043
    }
  }
}
