{"property_id":"371754141","timestamp":"2025-10-31T02:40:17.051246Z","periods":{"1d":{"active_users":481507,"sessions":6538245,"events":2062004285,"avg_session_duration":1941.3668847032638},"7d":{"active_users":2258741,"sessions":72517891,"events":17246046642,"avg_session_duration":1562.4900141760845},"30d":{"active_users":8068226,"sessions":609335777,"events":72197167809,"avg_session_duration":700.3769995529417},"90d":{"active_users":21736174,"sessions":1299683832,"events":198868237453,"avg_session_duration":925.0423788313726},"365d":{"active_users":68573821,"sessions":2897101552,"events":550861434261,"avg_session_duration":1361.324860142405}}}
