{"property_id":"371754141","timestamp":"2026-02-26T03:08:19.144919Z","periods":{"1d":{"active_users":0,"sessions":0,"events":0,"avg_session_duration":0.0},"7d":{"active_users":1846955,"sessions":27772788,"events":13831193368,"avg_session_duration":3351.6565224253386},"30d":{"active_users":10416901,"sessions":147322240,"events":69739350654,"avg_session_duration":3119.8589810315257},"90d":{"active_users":28731344,"sessions":498434335,"events":220081691417,"avg_session_duration":2802.1664156858965},"365d":{"active_users":91031586,"sessions":3292810872,"events":726008463443,"avg_session_duration":1471.786000111825}}}
