{
  "property_id": "371754141",
  "timestamp": "2026-07-09T03:16:04.194770Z",
  "periods": {
    "1d": {
      "active_users": 879171,
      "sessions": 6253534,
      "events": 3537405717,
      "avg_session_duration": 3152.935370307924
    },
    "7d": {
      "active_users": 4233107,
      "sessions": 41056514,
      "events": 24344787142,
      "avg_session_duration": 3237.30344749011
    },
    "30d": {
      "active_users": 15819489,
      "sessions": 178369095,
      "events": 102108966669,
      "avg_session_duration": 3098.1369755779865
    },
    "90d": {
      "active_users": 46711348,
      "sessions": 492903063,
      "events": 297211317344,
      "avg_session_duration": 3300.3962263448307
    },
    "365d": {
      "active_users": 127932455,
      "sessions": 2959922512,
      "events": 945580946158,
      "avg_session_duration": 1911.5546544867207
    }
  }
}
