{
  "property_id": "371754141",
  "timestamp": "2026-07-02T03:19:08.084596Z",
  "periods": {
    "1d": {
      "active_users": 0,
      "sessions": 0,
      "events": 0,
      "avg_session_duration": 0.0
    },
    "7d": {
      "active_users": 3497856,
      "sessions": 36615606,
      "events": 19887747474,
      "avg_session_duration": 2961.351131309637
    },
    "30d": {
      "active_users": 14986852,
      "sessions": 169723817,
      "events": 99083624392,
      "avg_session_duration": 3157.3441092588387
    },
    "90d": {
      "active_users": 45147935,
      "sessions": 486929573,
      "events": 291478285804,
      "avg_session_duration": 3268.0540786686934
    },
    "365d": {
      "active_users": 125237412,
      "sessions": 3020974926,
      "events": 929720835623,
      "avg_session_duration": 1862.722241385492
    }
  }
}
