{
  "property_id": "371754141",
  "timestamp": "2026-03-07T03:00:38.454293Z",
  "periods": {
    "1d": {
      "active_users": 565997,
      "sessions": 5039981,
      "events": 2614184819,
      "avg_session_duration": 3367.872417512777
    },
    "7d": {
      "active_users": 2584834,
      "sessions": 31881776,
      "events": 17410677153,
      "avg_session_duration": 3478.3598180034637
    },
    "30d": {
      "active_users": 10325042,
      "sessions": 141281917,
      "events": 71605631339,
      "avg_session_duration": 3297.34979378233
    },
    "90d": {
      "active_users": 29154672,
      "sessions": 488331905,
      "events": 224010596757,
      "avg_session_duration": 2938.3298546398646
    },
    "365d": {
      "active_users": 93129551,
      "sessions": 3311479064,
      "events": 739367795261,
      "avg_session_duration": 1486.0336185371866
    }
  }
}
