{"property_id":"371754141","timestamp":"2026-01-12T02:54:50.088961Z","periods":{"1d":{"active_users":498421,"sessions":6289586,"events":2603228371,"avg_session_duration":3418.8729714483243},"7d":{"active_users":3067952,"sessions":44112429,"events":20762483482,"avg_session_duration":2886.1401493706185},"30d":{"active_users":9352924,"sessions":164677277,"events":76475539858,"avg_session_duration":2873.4777479539816},"90d":{"active_users":26633439,"sessions":780602823,"events":215674017511,"avg_session_duration":1656.4155768208896},"365d":{"active_users":82057020,"sessions":3241205528,"events":667068369024,"avg_session_duration":1388.9558733334359}}}
