{"property_id":"371754141","timestamp":"2026-02-03T03:09:41.408906Z","periods":{"1d":{"active_users":479489,"sessions":5150666,"events":2281092131,"avg_session_duration":3180.9476441704173},"7d":{"active_users":2987982,"sessions":43862358,"events":18084476628,"avg_session_duration":2616.1880864090695},"30d":{"active_users":11305440,"sessions":193049962,"events":81735006298,"avg_session_duration":2719.843688299519},"90d":{"active_users":28779991,"sessions":572363294,"events":219552399067,"avg_session_duration":2362.6653264176266},"365d":{"active_users":86955377,"sessions":3255987895,"events":701704427581,"avg_session_duration":1444.667273087593}}}
