{"property_id":"371754141","timestamp":"2026-05-13T03:21:29.281490Z","periods":{"1d":{"active_users":795829,"sessions":5454204,"events":3216045052,"avg_session_duration":3414.1748279042995},"7d":{"active_users":4105454,"sessions":38257275,"events":21667262483,"avg_session_duration":3253.780235282969},"30d":{"active_users":15199146,"sessions":157250231,"events":93057460520,"avg_session_duration":3391.6288593166432},"90d":{"active_users":38592502,"sessions":465812227,"events":254144904153,"avg_session_duration":3270.3930194817876},"365d":{"active_users":112150722,"sessions":3171715734,"events":845486003451,"avg_session_duration":1682.4536572852357}}}
