{"property_id":"371754141","timestamp":"2025-12-18T02:43:02.767172Z","periods":{"1d":{"active_users":500900,"sessions":5758608,"events":2314718842,"avg_session_duration":2490.373624629725},"7d":{"active_users":2431197,"sessions":39777544,"events":15607760343,"avg_session_duration":2437.224926751136},"30d":{"active_users":9492734,"sessions":170390131,"events":67800952727,"avg_session_duration":2315.63658399484},"90d":{"active_users":25326067,"sessions":1072687146,"events":209201266753,"avg_session_duration":1158.1534382752186},"365d":{"active_users":76895618,"sessions":3138925048,"events":623252450038,"avg_session_duration":1358.36116616654}}}
