{
  "property_id": "371754141",
  "timestamp": "2026-07-07T03:16:19.957088Z",
  "periods": {
    "1d": {
      "active_users": 799162,
      "sessions": 5544187,
      "events": 3269853328,
      "avg_session_duration": 3546.5262818894844
    },
    "7d": {
      "active_users": 4151418,
      "sessions": 41867746,
      "events": 24489320351,
      "avg_session_duration": 3120.731091364734
    },
    "30d": {
      "active_users": 15340521,
      "sessions": 177544820,
      "events": 102186431961,
      "avg_session_duration": 3101.863088808455
    },
    "90d": {
      "active_users": 46389780,
      "sessions": 495071891,
      "events": 296808782422,
      "avg_session_duration": 3257.458291016116
    },
    "365d": {
      "active_users": 127087145,
      "sessions": 2968341744,
      "events": 942137237894,
      "avg_session_duration": 1905.6286767434426
    }
  }
}
