{
  "property_id": "371754141",
  "timestamp": "2026-03-15T03:14:40.404525Z",
  "periods": {
    "1d": {
      "active_users": 648434,
      "sessions": 5539595,
      "events": 2704083523,
      "avg_session_duration": 2918.214279699314
    },
    "7d": {
      "active_users": 3162255,
      "sessions": 35763743,
      "events": 19759439095,
      "avg_session_duration": 3487.6780695636435
    },
    "30d": {
      "active_users": 10525738,
      "sessions": 144956447,
      "events": 74733499858,
      "avg_session_duration": 3286.9744351154045
    },
    "90d": {
      "active_users": 30192541,
      "sessions": 486892396,
      "events": 228204203054,
      "avg_session_duration": 3014.8396335922494
    },
    "365d": {
      "active_users": 94868428,
      "sessions": 3307351228,
      "events": 751933844665,
      "avg_session_duration": 1505.652427503731
    }
  }
}
