{
  "property_id": "371754141",
  "timestamp": "2025-12-10T02:44:11.927460Z",
  "periods": {
    "1d": {
      "active_users": 486890,
      "sessions": 5370056,
      "events": 2403386472,
      "avg_session_duration": 2644.2903704097416
    },
    "7d": {
      "active_users": 2263833,
      "sessions": 39660052,
      "events": 15851433382,
      "avg_session_duration": 2357.484691592869
    },
    "30d": {
      "active_users": 9451021,
      "sessions": 210166051,
      "events": 67173390970,
      "avg_session_duration": 1838.8293234206328
    },
    "90d": {
      "active_users": 24710027,
      "sessions": 1130941157,
      "events": 210058320140,
      "avg_session_duration": 1103.4238976047443
    },
    "365d": {
      "active_users": 75383323,
      "sessions": 3092325807,
      "events": 612079817787,
      "avg_session_duration": 1363.3347042223484
    }
  }
}
