{
  "property_id": "371754141",
  "timestamp": "2026-06-12T03:23:32.750062Z",
  "periods": {
    "1d": {
      "active_users": 773597,
      "sessions": 5857414,
      "events": 3409292485,
      "avg_session_duration": 3390.980837049164
    },
    "7d": {
      "active_users": 3777298,
      "sessions": 39404848,
      "events": 23946958371,
      "avg_session_duration": 3388.4734575631405
    },
    "30d": {
      "active_users": 15803687,
      "sessions": 167266452,
      "events": 103058464403,
      "avg_session_duration": 3306.4836633929253
    },
    "90d": {
      "active_users": 43971585,
      "sessions": 491445182,
      "events": 282605148467,
      "avg_session_duration": 3255.417981048795
    },
    "365d": {
      "active_users": 120596938,
      "sessions": 3126364745,
      "events": 898670009699,
      "avg_session_duration": 1782.2480228748313
    }
  }
}
