{"property_id":"371754141","timestamp":"2026-03-05T03:08:13.316583Z","periods":{"1d":{"active_users":532768,"sessions":4895473,"events":2558118375,"avg_session_duration":3519.5664656278145},"7d":{"active_users":2514666,"sessions":30942604,"events":17113108408,"avg_session_duration":3501.482327484972},"30d":{"active_users":10332280,"sessions":140683407,"events":71195940672,"avg_session_duration":3297.9924264726224},"90d":{"active_users":29051552,"sessions":491173311,"events":223318007629,"avg_session_duration":2905.4084896071167},"365d":{"active_users":92581993,"sessions":3310398897,"events":736745194882,"avg_session_duration":1481.0497190627573}}}
