{
  "property_id": "371754141",
  "timestamp": "2026-07-23T03:12:17.594719Z",
  "periods": {
    "1d": {
      "active_users": 0,
      "sessions": 0,
      "events": 0,
      "avg_session_duration": 0.0
    },
    "7d": {
      "active_users": 3979847,
      "sessions": 33428749,
      "events": 19095751849,
      "avg_session_duration": 3167.1470131347514
    },
    "30d": {
      "active_users": 16897204,
      "sessions": 172475447,
      "events": 96939543165,
      "avg_session_duration": 3059.39204738283
    },
    "90d": {
      "active_users": 47675219,
      "sessions": 495557938,
      "events": 295453073260,
      "avg_session_duration": 3256.9763203967805
    },
    "365d": {
      "active_users": 133034175,
      "sessions": 2924027194,
      "events": 961420603156,
      "avg_session_duration": 1946.6073878543486
    }
  }
}
