{
  "property_id": "371754141",
  "timestamp": "2026-06-14T03:23:48.545827Z",
  "periods": {
    "1d": {
      "active_users": 722100,
      "sessions": 5667872,
      "events": 3611017578,
      "avg_session_duration": 3379.6161331486164
    },
    "7d": {
      "active_users": 3706781,
      "sessions": 38686515,
      "events": 24413301708,
      "avg_session_duration": 3516.840651995722
    },
    "30d": {
      "active_users": 15684721,
      "sessions": 165280802,
      "events": 102820277656,
      "avg_session_duration": 3352.360097713087
    },
    "90d": {
      "active_users": 44253818,
      "sessions": 493092743,
      "events": 284382153625,
      "avg_session_duration": 3261.1040825382947
    },
    "365d": {
      "active_users": 121210619,
      "sessions": 3050711880,
      "events": 902123699337,
      "avg_session_duration": 1830.608196456541
    }
  }
}
