{
  "property_id": "371754141",
  "timestamp": "2026-03-22T03:13:54.313425Z",
  "periods": {
    "1d": {
      "active_users": 602056,
      "sessions": 6064257,
      "events": 2687265669,
      "avg_session_duration": 2894.3722295120824
    },
    "7d": {
      "active_users": 3157561,
      "sessions": 47598911,
      "events": 18638303057,
      "avg_session_duration": 2546.917752722379
    },
    "30d": {
      "active_users": 11063248,
      "sessions": 154653107,
      "events": 77227686179,
      "avg_session_duration": 3179.9841918119546
    },
    "90d": {
      "active_users": 30991228,
      "sessions": 496219806,
      "events": 230945246168,
      "avg_session_duration": 3003.1239157964724
    },
    "365d": {
      "active_users": 96630032,
      "sessions": 3317941001,
      "events": 760336029412,
      "avg_session_duration": 1513.6958507142099
    }
  }
}
