{
  "property_id": "371754141",
  "timestamp": "2026-06-21T03:23:48.083846Z",
  "periods": {
    "1d": {
      "active_users": 616261,
      "sessions": 5767312,
      "events": 3261225894,
      "avg_session_duration": 2090.7879467302205
    },
    "7d": {
      "active_users": 3661240,
      "sessions": 41663658,
      "events": 23791522846,
      "avg_session_duration": 3079.721424106162
    },
    "30d": {
      "active_users": 15772180,
      "sessions": 168513950,
      "events": 103294995837,
      "avg_session_duration": 3302.291098244985
    },
    "90d": {
      "active_users": 44870935,
      "sessions": 487393433,
      "events": 289546916625,
      "avg_session_duration": 3308.6083711971137
    },
    "365d": {
      "active_users": 123073781,
      "sessions": 3045354437,
      "events": 914575533938,
      "avg_session_duration": 1844.0024865223115
    }
  }
}
