{
  "property_id": "371754141",
  "timestamp": "2026-07-10T03:15:59.831583Z",
  "periods": {
    "1d": {
      "active_users": 927567,
      "sessions": 6204601,
      "events": 3472133706,
      "avg_session_duration": 3176.6188544043107
    },
    "7d": {
      "active_users": 4373621,
      "sessions": 40726954,
      "events": 24289880375,
      "avg_session_duration": 3273.0193934240933
    },
    "30d": {
      "active_users": 16044543,
      "sessions": 179084681,
      "events": 102148509772,
      "avg_session_duration": 3079.7019486542804
    },
    "90d": {
      "active_users": 46865949,
      "sessions": 493962255,
      "events": 298018307380,
      "avg_session_duration": 3296.9320489925676
    },
    "365d": {
      "active_users": 128455744,
      "sessions": 2951422149,
      "events": 946990802509,
      "avg_session_duration": 1916.0121143636907
    }
  }
}
